Area;Year;Item;Months;Unit;Value
Brazil;2015;"Consumer Prices, Food Indices (2015 = 100)";January;;95.38575
Brazil;2015;"Consumer Prices, Food Indices (2015 = 100)";February;;96.158306
Brazil;2015;"Consumer Prices, Food Indices (2015 = 100)";March;;97.283418
Brazil;2015;"Consumer Prices, Food Indices (2015 = 100)";April;;98.227177
Brazil;2015;"Consumer Prices, Food Indices (2015 = 100)";May;;99.572891
Brazil;2015;"Consumer Prices, Food Indices (2015 = 100)";June;;100.200184
Brazil;2015;"Consumer Prices, Food Indices (2015 = 100)";July;;100.851387
Brazil;2015;"Consumer Prices, Food Indices (2015 = 100)";August;;100.841237
Brazil;2015;"Consumer Prices, Food Indices (2015 = 100)";September;;101.083267
Brazil;2015;"Consumer Prices, Food Indices (2015 = 100)";October;;101.861687
Brazil;2015;"Consumer Prices, Food Indices (2015 = 100)";November;;103.725747
Brazil;2015;"Consumer Prices, Food Indices (2015 = 100)";December;;105.281686
Brazil;2016;"Consumer Prices, Food Indices (2015 = 100)";January;;107.682136
Brazil;2016;"Consumer Prices, Food Indices (2015 = 100)";February;;108.823489
Brazil;2016;"Consumer Prices, Food Indices (2015 = 100)";March;;110.172812
Brazil;2016;"Consumer Prices, Food Indices (2015 = 100)";April;;111.373713
Brazil;2016;"Consumer Prices, Food Indices (2015 = 100)";May;;112.24236
Brazil;2016;"Consumer Prices, Food Indices (2015 = 100)";June;;113.039277
Brazil;2016;"Consumer Prices, Food Indices (2015 = 100)";July;;114.531381
Brazil;2016;"Consumer Prices, Food Indices (2015 = 100)";August;;114.874915
Brazil;2016;"Consumer Prices, Food Indices (2015 = 100)";September;;114.541757
Brazil;2016;"Consumer Prices, Food Indices (2015 = 100)";October;;114.484464
Brazil;2016;"Consumer Prices, Food Indices (2015 = 100)";November;;114.255517
Brazil;2016;"Consumer Prices, Food Indices (2015 = 100)";December;;114.34687
Brazil;2017;"Consumer Prices, Food Indices (2015 = 100)";January;;114.74702
Brazil;2017;"Consumer Prices, Food Indices (2015 = 100)";February;;114.230705
Brazil;2017;"Consumer Prices, Food Indices (2015 = 100)";March;;114.619126
Brazil;2017;"Consumer Prices, Food Indices (2015 = 100)";April;;115.283862
Brazil;2017;"Consumer Prices, Food Indices (2015 = 100)";May;;114.880328
Brazil;2017;"Consumer Prices, Food Indices (2015 = 100)";June;;114.305817
Brazil;2017;"Consumer Prices, Food Indices (2015 = 100)";July;;113.768524
Brazil;2017;"Consumer Prices, Food Indices (2015 = 100)";August;;112.551157
Brazil;2017;"Consumer Prices, Food Indices (2015 = 100)";September;;112.089653
Brazil;2017;"Consumer Prices, Food Indices (2015 = 100)";October;;112.033713
Brazil;2017;"Consumer Prices, Food Indices (2015 = 100)";November;;111.608074
Brazil;2017;"Consumer Prices, Food Indices (2015 = 100)";December;;112.210781
Brazil;2018;"Consumer Prices, Food Indices (2015 = 100)";January;;113.041081
Brazil;2018;"Consumer Prices, Food Indices (2015 = 100)";February;;112.667999
Brazil;2018;"Consumer Prices, Food Indices (2015 = 100)";March;;112.746946
Brazil;2018;"Consumer Prices, Food Indices (2015 = 100)";April;;112.84845
Brazil;2018;"Consumer Prices, Food Indices (2015 = 100)";May;;113.209577
Brazil;2018;"Consumer Prices, Food Indices (2015 = 100)";June;;115.507621
Brazil;2018;"Consumer Prices, Food Indices (2015 = 100)";July;;115.3689
Brazil;2018;"Consumer Prices, Food Indices (2015 = 100)";August;;114.976644
Brazil;2018;"Consumer Prices, Food Indices (2015 = 100)";September;;115.091682
Brazil;2018;"Consumer Prices, Food Indices (2015 = 100)";October;;115.770629
Brazil;2018;"Consumer Prices, Food Indices (2015 = 100)";November;;116.222208
Brazil;2018;"Consumer Prices, Food Indices (2015 = 100)";December;;116.733561
Brazil;2019;"Consumer Prices, Food Indices (2015 = 100)";January;;117.784237
Brazil;2019;"Consumer Prices, Food Indices (2015 = 100)";February;;118.702958
Brazil;2019;"Consumer Prices, Food Indices (2015 = 100)";March;;120.329274
Brazil;2019;"Consumer Prices, Food Indices (2015 = 100)";April;;121.087394
Brazil;2019;"Consumer Prices, Food Indices (2015 = 100)";May;;120.409349
Brazil;2019;"Consumer Prices, Food Indices (2015 = 100)";June;;120.109123
Brazil;2019;"Consumer Prices, Food Indices (2015 = 100)";July;;120.121078
Brazil;2019;"Consumer Prices, Food Indices (2015 = 100)";August;;119.673528
Brazil;2019;"Consumer Prices, Food Indices (2015 = 100)";September;;119.155461
Brazil;2019;"Consumer Prices, Food Indices (2015 = 100)";October;;119.22022
Brazil;2019;"Consumer Prices, Food Indices (2015 = 100)";November;;120.062079
Brazil;2019;"Consumer Prices, Food Indices (2015 = 100)";December;;124.141858
Brazil;2020;"Consumer Prices, Food Indices (2015 = 100)";January;;124.595167
Brazil;2020;"Consumer Prices, Food Indices (2015 = 100)";February;;124.724684
Brazil;2020;"Consumer Prices, Food Indices (2015 = 100)";March;;126.149369
Brazil;2020;"Consumer Prices, Food Indices (2015 = 100)";April;;128.415913
Brazil;2020;"Consumer Prices, Food Indices (2015 = 100)";May;;128.739705
Brazil;2020;"Consumer Prices, Food Indices (2015 = 100)";June;;129.193014
Brazil;2020;"Consumer Prices, Food Indices (2015 = 100)";July;;129.257772
Brazil;2020;"Consumer Prices, Food Indices (2015 = 100)";August;;130.229148
Brazil;2020;"Consumer Prices, Food Indices (2015 = 100)";September;;133.208035
Brazil;2020;"Consumer Prices, Food Indices (2015 = 100)";October;;135.798371
Brazil;2020;"Consumer Prices, Food Indices (2015 = 100)";November;;139.230566
Brazil;2020;"Consumer Prices, Food Indices (2015 = 100)";December;;141.626627
Brazil;2021;"Consumer Prices, Food Indices (2015 = 100)";January;;143.11607
Brazil;2021;"Consumer Prices, Food Indices (2015 = 100)";February;;143.504621
Brazil;2021;"Consumer Prices, Food Indices (2015 = 100)";March;;143.634137
Brazil;2021;"Consumer Prices, Food Indices (2015 = 100)";April;;144.216963
Brazil;2021;"Consumer Prices, Food Indices (2015 = 100)";May;;144.864547
Brazil;2021;"Consumer Prices, Food Indices (2015 = 100)";June;;145.512131
Brazil;2021;"Consumer Prices, Food Indices (2015 = 100)";July;;146.35399
Brazil;2021;"Consumer Prices, Food Indices (2015 = 100)";August;;148.426259
Brazil;2021;"Consumer Prices, Food Indices (2015 = 100)";September;;149.915703
Brazil;2021;"Consumer Prices, Food Indices (2015 = 100)";October;;151.664179
Brazil;2021;"Consumer Prices, Food Indices (2015 = 100)";November;;151.599421
Brazil;2021;"Consumer Prices, Food Indices (2015 = 100)";December;;152.894589
Brazil;2022;"Consumer Prices, Food Indices (2015 = 100)";January;;154.578308
Brazil;2022;"Consumer Prices, Food Indices (2015 = 100)";February;;156.585818
Brazil;2022;"Consumer Prices, Food Indices (2015 = 100)";March;;160.341805
Brazil;2022;"Consumer Prices, Food Indices (2015 = 100)";April;;163.644484
Brazil;2022;"Consumer Prices, Food Indices (2015 = 100)";May;;164.421585
Brazil;2022;"Consumer Prices, Food Indices (2015 = 100)";June;;165.781511
Brazil;2022;"Consumer Prices, Food Indices (2015 = 100)";July;;167.918539
Brazil;2022;"Consumer Prices, Food Indices (2015 = 100)";August;;168.307089
Brazil;2022;"Consumer Prices, Food Indices (2015 = 100)";September;;167.46523
Brazil;2022;"Consumer Prices, Food Indices (2015 = 100)";October;;168.630881
Brazil;2022;"Consumer Prices, Food Indices (2015 = 100)";November;;169.537499
Brazil;2022;"Consumer Prices, Food Indices (2015 = 100)";December;;170.70315
Brazil;2023;"Consumer Prices, Food Indices (2015 = 100)";January;;171.674526
Brazil;2023;"Consumer Prices, Food Indices (2015 = 100)";February;;171.93356
Brazil;2023;"Consumer Prices, Food Indices (2015 = 100)";March;;172.063076
Brazil;2023;"Consumer Prices, Food Indices (2015 = 100)";April;;173.228728
Brazil;2023;"Consumer Prices, Food Indices (2015 = 100)";May;;173.55252
Brazil;2023;"Consumer Prices, Food Indices (2015 = 100)";June;;172.386868
Brazil;2023;"Consumer Prices, Food Indices (2015 = 100)";July;;171.609768
Brazil;2023;"Consumer Prices, Food Indices (2015 = 100)";August;;170.120324
Brazil;2023;"Consumer Prices, Food Indices (2015 = 100)";September;;168.954673
Brazil;2023;"Consumer Prices, Food Indices (2015 = 100)";October;;169.47274
Brazil;2023;"Consumer Prices, Food Indices (2015 = 100)";November;;170.508875
Brazil;2023;"Consumer Prices, Food Indices (2015 = 100)";December;;172.386868
Brazil;2024;"Consumer Prices, Food Indices (2015 = 100)";January;;174.782929
Brazil;2024;"Consumer Prices, Food Indices (2015 = 100)";February;;176.466648
Brazil;2024;"Consumer Prices, Food Indices (2015 = 100)";March;;177.373265
Brazil;2024;"Consumer Prices, Food Indices (2015 = 100)";April;;178.603675
Brazil;2024;"Consumer Prices, Food Indices (2015 = 100)";May;;179.769326
Brazil;2024;"Consumer Prices, Food Indices (2015 = 100)";June;;180.546427
Brazil;2024;"Consumer Prices, Food Indices (2015 = 100)";July;;178.733192
Brazil;2024;"Consumer Prices, Food Indices (2015 = 100)";August;;177.956091
Brazil;2024;"Consumer Prices, Food Indices (2015 = 100)";September;;178.79795
Brazil;2024;"Consumer Prices, Food Indices (2015 = 100)";October;;180.740702
Brazil;2024;"Consumer Prices, Food Indices (2015 = 100)";November;;183.525314
Brazil;2024;"Consumer Prices, Food Indices (2015 = 100)";December;;185.662341
Brazil;2025;"Consumer Prices, Food Indices (2015 = 100)";January;;187.475576
Brazil;2025;"Consumer Prices, Food Indices (2015 = 100)";February;;188.770744
Brazil;2025;"Consumer Prices, Food Indices (2015 = 100)";March;;190.97253
Brazil;2025;"Consumer Prices, Food Indices (2015 = 100)";April;;192.59149
Brazil;2025;"Consumer Prices, Food Indices (2015 = 100)";May;;192.915282
Brazil;2025;"Consumer Prices, Food Indices (2015 = 100)";June;;192.526732
Brazil;2025;"Consumer Prices, Food Indices (2015 = 100)";July;;192.008664
Brazil;2025;"Consumer Prices, Food Indices (2015 = 100)";August;;191.166805
Brazil;2025;"Consumer Prices, Food Indices (2015 = 100)";September;;190.648738
Brazil;2025;"Consumer Prices, Food Indices (2015 = 100)";October;;190.715828
Brazil;2025;"Consumer Prices, Food Indices (2015 = 100)";November;;190.696756
Brazil;2025;"Consumer Prices, Food Indices (2015 = 100)";December;;191.211637
Brazil;2015;Food price inflation;January;%;8.716566
Brazil;2015;Food price inflation;February;%;8.986834
Brazil;2015;Food price inflation;March;%;8.184919
Brazil;2015;Food price inflation;April;%;7.949847
Brazil;2015;Food price inflation;May;%;8.797666
Brazil;2015;Food price inflation;June;%;9.603551
Brazil;2015;Food price inflation;July;%;10.481603
Brazil;2015;Food price inflation;August;%;10.636429
Brazil;2015;Food price inflation;September;%;10.043587
Brazil;2015;Food price inflation;October;%;10.383322
Brazil;2015;Food price inflation;November;%;11.54447
Brazil;2015;Food price inflation;December;%;12.008111
Brazil;2016;Food price inflation;January;%;12.891219
Brazil;2016;Food price inflation;February;%;13.171179
Brazil;2016;Food price inflation;March;%;13.249322
Brazil;2016;Food price inflation;April;%;13.383807
Brazil;2016;Food price inflation;May;%;12.723813
Brazil;2016;Food price inflation;June;%;12.813442
Brazil;2016;Food price inflation;July;%;13.564508
Brazil;2016;Food price inflation;August;%;13.916607
Brazil;2016;Food price inflation;September;%;13.314262
Brazil;2016;Food price inflation;October;%;12.392075
Brazil;2016;Food price inflation;November;%;10.151549
Brazil;2016;Food price inflation;December;%;8.610409
Brazil;2017;Food price inflation;January;%;6.560869
Brazil;2017;Food price inflation;February;%;4.968795
Brazil;2017;Food price inflation;March;%;4.035763
Brazil;2017;Food price inflation;April;%;3.510836
Brazil;2017;Food price inflation;May;%;2.350244
Brazil;2017;Food price inflation;June;%;1.120443
Brazil;2017;Food price inflation;July;%;-0.666068
Brazil;2017;Food price inflation;August;%;-2.02286
Brazil;2017;Food price inflation;September;%;-2.140795
Brazil;2017;Food price inflation;October;%;-2.140684
Brazil;2017;Food price inflation;November;%;-2.317124
Brazil;2017;Food price inflation;December;%;-1.868079
Brazil;2018;Food price inflation;January;%;-1.486696
Brazil;2018;Food price inflation;February;%;-1.368026
Brazil;2018;Food price inflation;March;%;-1.633392
Brazil;2018;Food price inflation;April;%;-2.112536
Brazil;2018;Food price inflation;May;%;-1.454341
Brazil;2018;Food price inflation;June;%;1.051394
Brazil;2018;Food price inflation;July;%;1.406694
Brazil;2018;Food price inflation;August;%;2.155009
Brazil;2018;Food price inflation;September;%;2.678239
Brazil;2018;Food price inflation;October;%;3.335528
Brazil;2018;Food price inflation;November;%;4.134229
Brazil;2018;Food price inflation;December;%;4.030611
Brazil;2019;Food price inflation;January;%;4.195958
Brazil;2019;Food price inflation;February;%;5.35641
Brazil;2019;Food price inflation;March;%;6.725085
Brazil;2019;Food price inflation;April;%;7.300892
Brazil;2019;Food price inflation;May;%;6.359684
Brazil;2019;Food price inflation;June;%;3.983721
Brazil;2019;Food price inflation;July;%;4.119116
Brazil;2019;Food price inflation;August;%;4.085077
Brazil;2019;Food price inflation;September;%;3.530906
Brazil;2019;Food price inflation;October;%;2.979677
Brazil;2019;Food price inflation;November;%;3.303905
Brazil;2019;Food price inflation;December;%;6.34633
Brazil;2020;Food price inflation;January;%;5.782548
Brazil;2020;Food price inflation;February;%;5.072936
Brazil;2020;Food price inflation;March;%;4.836807
Brazil;2020;Food price inflation;April;%;6.052256
Brazil;2020;Food price inflation;May;%;6.918363
Brazil;2020;Food price inflation;June;%;7.563031
Brazil;2020;Food price inflation;July;%;7.606237
Brazil;2020;Food price inflation;August;%;8.820346
Brazil;2020;Food price inflation;September;%;11.793478
Brazil;2020;Food price inflation;October;%;13.905486
Brazil;2020;Food price inflation;November;%;15.96548
Brazil;2020;Food price inflation;December;%;14.084507
Brazil;2021;Food price inflation;January;%;14.864865
Brazil;2021;Food price inflation;February;%;15.057113
Brazil;2021;Food price inflation;March;%;13.86037
Brazil;2021;Food price inflation;April;%;12.304589
Brazil;2021;Food price inflation;May;%;12.525151
Brazil;2021;Food price inflation;June;%;12.631579
Brazil;2021;Food price inflation;July;%;13.226453
Brazil;2021;Food price inflation;August;%;13.973148
Brazil;2021;Food price inflation;September;%;12.542538
Brazil;2021;Food price inflation;October;%;11.683357
Brazil;2021;Food price inflation;November;%;8.883721
Brazil;2021;Food price inflation;December;%;7.956104
Brazil;2022;Food price inflation;January;%;8.00905
Brazil;2022;Food price inflation;February;%;9.115523
Brazil;2022;Food price inflation;March;%;11.632101
Brazil;2022;Food price inflation;April;%;13.471037
Brazil;2022;Food price inflation;May;%;13.500224
Brazil;2022;Food price inflation;June;%;13.929684
Brazil;2022;Food price inflation;July;%;14.734513
Brazil;2022;Food price inflation;August;%;13.394415
Brazil;2022;Food price inflation;September;%;11.706263
Brazil;2022;Food price inflation;October;%;11.18702
Brazil;2022;Food price inflation;November;%;11.83255
Brazil;2022;Food price inflation;December;%;11.647607
Brazil;2023;Food price inflation;January;%;11.059908
Brazil;2023;Food price inflation;February;%;9.801489
Brazil;2023;Food price inflation;March;%;7.310178
Brazil;2023;Food price inflation;April;%;5.856747
Brazil;2023;Food price inflation;May;%;5.553367
Brazil;2023;Food price inflation;June;%;3.984375
Brazil;2023;Food price inflation;July;%;2.198226
Brazil;2023;Food price inflation;August;%;1.077337
Brazil;2023;Food price inflation;September;%;0.889404
Brazil;2023;Food price inflation;October;%;0.499232
Brazil;2023;Food price inflation;November;%;0.572956
Brazil;2023;Food price inflation;December;%;0.986343
Brazil;2024;Food price inflation;January;%;1.810637
Brazil;2024;Food price inflation;February;%;2.636535
Brazil;2024;Food price inflation;March;%;3.086187
Brazil;2024;Food price inflation;April;%;3.102804
Brazil;2024;Food price inflation;May;%;3.58209
Brazil;2024;Food price inflation;June;%;4.733283
Brazil;2024;Food price inflation;July;%;4.150943
Brazil;2024;Food price inflation;August;%;4.606014
Brazil;2024;Food price inflation;September;%;5.825987
Brazil;2024;Food price inflation;October;%;6.648835
Brazil;2024;Food price inflation;November;%;7.633878
Brazil;2024;Food price inflation;December;%;7.700977
Brazil;2025;Food price inflation;January;%;7.261949
Brazil;2025;Food price inflation;February;%;6.972477
Brazil;2025;Food price inflation;March;%;7.667032
Brazil;2025;Food price inflation;April;%;7.831762
Brazil;2025;Food price inflation;May;%;7.31268
Brazil;2025;Food price inflation;June;%;6.635581
Brazil;2025;Food price inflation;July;%;7.427536
Brazil;2025;Food price inflation;August;%;7.423581
Brazil;2025;Food price inflation;September;%;6.628033
Brazil;2025;Food price inflation;October;%;5.519025
Brazil;2025;Food price inflation;November;%;3.907604
Brazil;2025;Food price inflation;December;%;2.988918
Egypt;2015;"Consumer Prices, Food Indices (2015 = 100)";January;;92.268023
Egypt;2015;"Consumer Prices, Food Indices (2015 = 100)";February;;94.541963
Egypt;2015;"Consumer Prices, Food Indices (2015 = 100)";March;;96.828047
Egypt;2015;"Consumer Prices, Food Indices (2015 = 100)";April;;98.115588
Egypt;2015;"Consumer Prices, Food Indices (2015 = 100)";May;;100.436416
Egypt;2015;"Consumer Prices, Food Indices (2015 = 100)";June;;98.739059
Egypt;2015;"Consumer Prices, Food Indices (2015 = 100)";July;;99.049991
Egypt;2015;"Consumer Prices, Food Indices (2015 = 100)";August;;99.870195
Egypt;2015;"Consumer Prices, Food Indices (2015 = 100)";September;;104.508197
Egypt;2015;"Consumer Prices, Food Indices (2015 = 100)";October;;106.896381
Egypt;2015;"Consumer Prices, Food Indices (2015 = 100)";November;;105.121423
Egypt;2015;"Consumer Prices, Food Indices (2015 = 100)";December;;104.739349
Egypt;2016;"Consumer Prices, Food Indices (2015 = 100)";January;;104.612757
Egypt;2016;"Consumer Prices, Food Indices (2015 = 100)";February;;106.37095
Egypt;2016;"Consumer Prices, Food Indices (2015 = 100)";March;;108.525195
Egypt;2016;"Consumer Prices, Food Indices (2015 = 100)";April;;110.594497
Egypt;2016;"Consumer Prices, Food Indices (2015 = 100)";May;;114.815831
Egypt;2016;"Consumer Prices, Food Indices (2015 = 100)";June;;116.112379
Egypt;2016;"Consumer Prices, Food Indices (2015 = 100)";July;;117.247281
Egypt;2016;"Consumer Prices, Food Indices (2015 = 100)";August;;119.161337
Egypt;2016;"Consumer Prices, Food Indices (2015 = 100)";September;;119.979061
Egypt;2016;"Consumer Prices, Food Indices (2015 = 100)";October;;121.672193
Egypt;2016;"Consumer Prices, Food Indices (2015 = 100)";November;;127.718949
Egypt;2016;"Consumer Prices, Food Indices (2015 = 100)";December;;134.431459
Egypt;2017;"Consumer Prices, Food Indices (2015 = 100)";January;;143.568577
Egypt;2017;"Consumer Prices, Food Indices (2015 = 100)";February;;149.470871
Egypt;2017;"Consumer Prices, Food Indices (2015 = 100)";March;;153.926237
Egypt;2017;"Consumer Prices, Food Indices (2015 = 100)";April;;158.784984
Egypt;2017;"Consumer Prices, Food Indices (2015 = 100)";May;;162.002255
Egypt;2017;"Consumer Prices, Food Indices (2015 = 100)";June;;162.89327
Egypt;2017;"Consumer Prices, Food Indices (2015 = 100)";July;;166.887924
Egypt;2017;"Consumer Prices, Food Indices (2015 = 100)";August;;168.74248
Egypt;2017;"Consumer Prices, Food Indices (2015 = 100)";September;;169.438743
Egypt;2017;"Consumer Prices, Food Indices (2015 = 100)";October;;169.80893
Egypt;2017;"Consumer Prices, Food Indices (2015 = 100)";November;;168.962018
Egypt;2017;"Consumer Prices, Food Indices (2015 = 100)";December;;168.258855
Egypt;2018;"Consumer Prices, Food Indices (2015 = 100)";January;;167.762305
Egypt;2018;"Consumer Prices, Food Indices (2015 = 100)";February;;169.197947
Egypt;2018;"Consumer Prices, Food Indices (2015 = 100)";March;;172.16604
Egypt;2018;"Consumer Prices, Food Indices (2015 = 100)";April;;176.341109
Egypt;2018;"Consumer Prices, Food Indices (2015 = 100)";May;;175.861944
Egypt;2018;"Consumer Prices, Food Indices (2015 = 100)";June;;179.4057
Egypt;2018;"Consumer Prices, Food Indices (2015 = 100)";July;;182.978499
Egypt;2018;"Consumer Prices, Food Indices (2015 = 100)";August;;188.373214
Egypt;2018;"Consumer Prices, Food Indices (2015 = 100)";September;;197.339704
Egypt;2018;"Consumer Prices, Food Indices (2015 = 100)";October;;204.150942
Egypt;2018;"Consumer Prices, Food Indices (2015 = 100)";November;;200.537021
Egypt;2018;"Consumer Prices, Food Indices (2015 = 100)";December;;187.105598
Egypt;2019;"Consumer Prices, Food Indices (2015 = 100)";January;;188.732761
Egypt;2019;"Consumer Prices, Food Indices (2015 = 100)";February;;195.296253
Egypt;2019;"Consumer Prices, Food Indices (2015 = 100)";March;;198.274467
Egypt;2019;"Consumer Prices, Food Indices (2015 = 100)";April;;199.282798
Egypt;2019;"Consumer Prices, Food Indices (2015 = 100)";May;;202.353445
Egypt;2019;"Consumer Prices, Food Indices (2015 = 100)";June;;197.957053
Egypt;2019;"Consumer Prices, Food Indices (2015 = 100)";July;;199.496679
Egypt;2019;"Consumer Prices, Food Indices (2015 = 100)";August;;201.424501
Egypt;2019;"Consumer Prices, Food Indices (2015 = 100)";September;;197.894065
Egypt;2019;"Consumer Prices, Food Indices (2015 = 100)";October;;194.320127
Egypt;2019;"Consumer Prices, Food Indices (2015 = 100)";November;;191.390836
Egypt;2019;"Consumer Prices, Food Indices (2015 = 100)";December;;190.438451
Egypt;2020;"Consumer Prices, Food Indices (2015 = 100)";January;;193.681248
Egypt;2020;"Consumer Prices, Food Indices (2015 = 100)";February;;193.551508
Egypt;2020;"Consumer Prices, Food Indices (2015 = 100)";March;;194.834186
Egypt;2020;"Consumer Prices, Food Indices (2015 = 100)";April;;201.926107
Egypt;2020;"Consumer Prices, Food Indices (2015 = 100)";May;;201.029724
Egypt;2020;"Consumer Prices, Food Indices (2015 = 100)";June;;198.214832
Egypt;2020;"Consumer Prices, Food Indices (2015 = 100)";July;;196.443108
Egypt;2020;"Consumer Prices, Food Indices (2015 = 100)";August;;193.19511
Egypt;2020;"Consumer Prices, Food Indices (2015 = 100)";September;;192.713222
Egypt;2020;"Consumer Prices, Food Indices (2015 = 100)";October;;192.957762
Egypt;2020;"Consumer Prices, Food Indices (2015 = 100)";November;;198.235422
Egypt;2020;"Consumer Prices, Food Indices (2015 = 100)";December;;195.77547
Egypt;2021;"Consumer Prices, Food Indices (2015 = 100)";January;;192.712369
Egypt;2021;"Consumer Prices, Food Indices (2015 = 100)";February;;192.629359
Egypt;2021;"Consumer Prices, Food Indices (2015 = 100)";March;;196.955266
Egypt;2021;"Consumer Prices, Food Indices (2015 = 100)";April;;201.444831
Egypt;2021;"Consumer Prices, Food Indices (2015 = 100)";May;;204.568007
Egypt;2021;"Consumer Prices, Food Indices (2015 = 100)";June;;204.958403
Egypt;2021;"Consumer Prices, Food Indices (2015 = 100)";July;;205.934396
Egypt;2021;"Consumer Prices, Food Indices (2015 = 100)";August;;205.934396
Egypt;2021;"Consumer Prices, Food Indices (2015 = 100)";September;;213.15674
Egypt;2021;"Consumer Prices, Food Indices (2015 = 100)";October;;215.303923
Egypt;2021;"Consumer Prices, Food Indices (2015 = 100)";November;;214.327931
Egypt;2021;"Consumer Prices, Food Indices (2015 = 100)";December;;212.180747
Egypt;2022;"Consumer Prices, Food Indices (2015 = 100)";January;;216.670312
Egypt;2022;"Consumer Prices, Food Indices (2015 = 100)";February;;226.625435
Egypt;2022;"Consumer Prices, Food Indices (2015 = 100)";March;;235.799763
Egypt;2022;"Consumer Prices, Food Indices (2015 = 100)";April;;253.758023
Egypt;2022;"Consumer Prices, Food Indices (2015 = 100)";May;;255.319611
Egypt;2022;"Consumer Prices, Food Indices (2015 = 100)";June;;250.830046
Egypt;2022;"Consumer Prices, Food Indices (2015 = 100)";July;;252.001237
Egypt;2022;"Consumer Prices, Food Indices (2015 = 100)";August;;253.562825
Egypt;2022;"Consumer Prices, Food Indices (2015 = 100)";September;;259.418779
Egypt;2022;"Consumer Prices, Food Indices (2015 = 100)";October;;266.836321
Egypt;2022;"Consumer Prices, Food Indices (2015 = 100)";November;;278.54823
Egypt;2022;"Consumer Prices, Food Indices (2015 = 100)";December;;291.236131
Egypt;2023;"Consumer Prices, Food Indices (2015 = 100)";January;;320.515903
Egypt;2023;"Consumer Prices, Food Indices (2015 = 100)";February;;366.582745
Egypt;2023;"Consumer Prices, Food Indices (2015 = 100)";March;;384.345806
Egypt;2023;"Consumer Prices, Food Indices (2015 = 100)";April;;392.739341
Egypt;2023;"Consumer Prices, Food Indices (2015 = 100)";May;;408.550418
Egypt;2023;"Consumer Prices, Food Indices (2015 = 100)";June;;415.96796
Egypt;2023;"Consumer Prices, Food Indices (2015 = 100)";July;;424.166296
Egypt;2023;"Consumer Prices, Food Indices (2015 = 100)";August;;434.511815
Egypt;2023;"Consumer Prices, Food Indices (2015 = 100)";September;;450.322892
Egypt;2023;"Consumer Prices, Food Indices (2015 = 100)";October;;456.959641
Egypt;2023;"Consumer Prices, Food Indices (2015 = 100)";November;;458.130831
Egypt;2023;"Consumer Prices, Food Indices (2015 = 100)";December;;467.500358
Egypt;2024;"Consumer Prices, Food Indices (2015 = 100)";January;;473.941908
Egypt;2024;"Consumer Prices, Food Indices (2015 = 100)";February;;553.192491
Egypt;2024;"Consumer Prices, Food Indices (2015 = 100)";March;;557.096461
Egypt;2024;"Consumer Prices, Food Indices (2015 = 100)";April;;551.826102
Egypt;2024;"Consumer Prices, Food Indices (2015 = 100)";May;;535.039032
Egypt;2024;"Consumer Prices, Food Indices (2015 = 100)";June;;548.898124
Egypt;2024;"Consumer Prices, Food Indices (2015 = 100)";July;;550.459712
Egypt;2024;"Consumer Prices, Food Indices (2015 = 100)";August;;560.414835
Egypt;2024;"Consumer Prices, Food Indices (2015 = 100)";September;;575.249919
Egypt;2024;"Consumer Prices, Food Indices (2015 = 100)";October;;581.691469
Egypt;2024;"Consumer Prices, Food Indices (2015 = 100)";November;;570.760354
Egypt;2024;"Consumer Prices, Food Indices (2015 = 100)";December;;562.366819
Egypt;2025;"Consumer Prices, Food Indices (2015 = 100)";January;;572.51714
Egypt;2025;"Consumer Prices, Food Indices (2015 = 100)";February;;573.88353
Egypt;2025;"Consumer Prices, Food Indices (2015 = 100)";March;;593.988973
Egypt;2025;"Consumer Prices, Food Indices (2015 = 100)";April;;585.009843
Egypt;2025;"Consumer Prices, Food Indices (2015 = 100)";May;;593.793775
Egypt;2025;"Consumer Prices, Food Indices (2015 = 100)";June;;586.766629
Egypt;2025;"Consumer Prices, Food Indices (2015 = 100)";July;;569.198766
Egypt;2025;"Consumer Prices, Food Indices (2015 = 100)";August;;571.931545
Egypt;2025;"Consumer Prices, Food Indices (2015 = 100)";September;;583.057858
Egypt;2025;"Consumer Prices, Food Indices (2015 = 100)";October;;590.273055
Egypt;2025;"Consumer Prices, Food Indices (2015 = 100)";November;;575.118164
Egypt;2025;"Consumer Prices, Food Indices (2015 = 100)";December;;570.992018
Egypt;2015;Food price inflation;January;%;5.762882
Egypt;2015;Food price inflation;February;%;8.016625
Egypt;2015;Food price inflation;March;%;9.150574
Egypt;2015;Food price inflation;April;%;9.810513
Egypt;2015;Food price inflation;May;%;14.753906
Egypt;2015;Food price inflation;June;%;10.917217
Egypt;2015;Food price inflation;July;%;8.314664
Egypt;2015;Food price inflation;August;%;8.234068
Egypt;2015;Food price inflation;September;%;11.001033
Egypt;2015;Food price inflation;October;%;12.511655
Egypt;2015;Food price inflation;November;%;14.680827
Egypt;2015;Food price inflation;December;%;14.641483
Egypt;2016;Food price inflation;January;%;13.379211
Egypt;2016;Food price inflation;February;%;12.511891
Egypt;2016;Food price inflation;March;%;12.080331
Egypt;2016;Food price inflation;April;%;12.71858
Egypt;2016;Food price inflation;May;%;14.316933
Egypt;2016;Food price inflation;June;%;17.595185
Egypt;2016;Food price inflation;July;%;18.371824
Egypt;2016;Food price inflation;August;%;19.316216
Egypt;2016;Food price inflation;September;%;14.803493
Egypt;2016;Food price inflation;October;%;13.822556
Egypt;2016;Food price inflation;November;%;21.496595
Egypt;2016;Food price inflation;December;%;28.348572
Egypt;2017;Food price inflation;January;%;37.238117
Egypt;2017;Food price inflation;February;%;40.518507
Egypt;2017;Food price inflation;March;%;41.834564
Egypt;2017;Food price inflation;April;%;43.574038
Egypt;2017;Food price inflation;May;%;41.09749
Egypt;2017;Food price inflation;June;%;40.289323
Egypt;2017;Food price inflation;July;%;42.338417
Egypt;2017;Food price inflation;August;%;41.608414
Egypt;2017;Food price inflation;September;%;41.223595
Egypt;2017;Food price inflation;October;%;39.562645
Egypt;2017;Food price inflation;November;%;32.292052
Egypt;2017;Food price inflation;December;%;25.163303
Egypt;2018;Food price inflation;January;%;16.851688
Egypt;2018;Food price inflation;February;%;13.19794
Egypt;2018;Food price inflation;March;%;11.849703
Egypt;2018;Food price inflation;April;%;11.056539
Egypt;2018;Food price inflation;May;%;8.555244
Egypt;2018;Food price inflation;June;%;10.136963
Egypt;2018;Food price inflation;July;%;9.641545
Egypt;2018;Food price inflation;August;%;11.633546
Egypt;2018;Food price inflation;September;%;16.466695
Egypt;2018;Food price inflation;October;%;20.223915
Egypt;2018;Food price inflation;November;%;18.687633
Egypt;2018;Food price inflation;December;%;11.201041
Egypt;2019;Food price inflation;February;%;15.424718
Egypt;2019;Food price inflation;March;%;15.164679
Egypt;2019;Food price inflation;April;%;13.009836
Egypt;2019;Food price inflation;May;%;15.063806
Egypt;2019;Food price inflation;June;%;10.340448
Egypt;2019;Food price inflation;July;%;9.027388
Egypt;2019;Food price inflation;August;%;6.92842
Egypt;2019;Food price inflation;September;%;0.280917
Egypt;2019;Food price inflation;October;%;-4.815464
Egypt;2019;Food price inflation;November;%;-4.560846
Egypt;2019;Food price inflation;December;%;1.781268
Egypt;2020;Food price inflation;January;%;2.621955
Egypt;2020;Food price inflation;February;%;-0.893384
Egypt;2020;Food price inflation;March;%;-1.73511
Egypt;2020;Food price inflation;April;%;1.326411
Egypt;2020;Food price inflation;May;%;-0.654163
Egypt;2020;Food price inflation;June;%;0.13022
Egypt;2020;Food price inflation;July;%;-1.530637
Egypt;2020;Food price inflation;August;%;-4.085596
Egypt;2020;Food price inflation;September;%;-2.617988
Egypt;2020;Food price inflation;October;%;-0.701093
Egypt;2020;Food price inflation;November;%;3.576235
Egypt;2020;Food price inflation;December;%;2.80249
Egypt;2021;Food price inflation;January;%;-0.500244
Egypt;2021;Food price inflation;February;%;-0.476436
Egypt;2021;Food price inflation;March;%;1.088659
Egypt;2021;Food price inflation;April;%;-0.238343
Egypt;2021;Food price inflation;May;%;1.760079
Egypt;2021;Food price inflation;June;%;3.402153
Egypt;2021;Food price inflation;July;%;4.831571
Egypt;2021;Food price inflation;August;%;6.594
Egypt;2021;Food price inflation;September;%;10.608259
Egypt;2021;Food price inflation;October;%;11.580856
Egypt;2021;Food price inflation;November;%;8.117877
Egypt;2021;Food price inflation;December;%;8.379639
Egypt;2022;Food price inflation;January;%;12.43197
Egypt;2022;Food price inflation;February;%;17.64844
Egypt;2022;Food price inflation;March;%;19.722498
Egypt;2022;Food price inflation;April;%;25.968992
Egypt;2022;Food price inflation;May;%;24.80916
Egypt;2022;Food price inflation;June;%;22.380952
Egypt;2022;Food price inflation;July;%;22.369668
Egypt;2022;Food price inflation;August;%;23.127962
Egypt;2022;Food price inflation;September;%;21.703297
Egypt;2022;Food price inflation;October;%;23.934723
Egypt;2022;Food price inflation;November;%;29.96357
Egypt;2022;Food price inflation;December;%;37.25851
Egypt;2023;Food price inflation;January;%;47.927928
Egypt;2023;Food price inflation;February;%;61.757106
Egypt;2023;Food price inflation;March;%;62.996689
Egypt;2023;Food price inflation;April;%;54.769231
Egypt;2023;Food price inflation;May;%;60.015291
Egypt;2023;Food price inflation;June;%;65.836576
Egypt;2023;Food price inflation;July;%;68.319132
Egypt;2023;Food price inflation;August;%;71.362587
Egypt;2023;Food price inflation;September;%;73.589165
Egypt;2023;Food price inflation;October;%;71.250914
Egypt;2023;Food price inflation;November;%;64.470918
Egypt;2023;Food price inflation;December;%;60.522788
Egypt;2024;Food price inflation;January;%;47.868453
Egypt;2024;Food price inflation;February;%;50.905218
Egypt;2024;Food price inflation;March;%;44.946673
Egypt;2024;Food price inflation;April;%;40.506958
Egypt;2024;Food price inflation;May;%;30.960344
Egypt;2024;Food price inflation;June;%;31.956828
Egypt;2024;Food price inflation;July;%;29.774505
Egypt;2024;Food price inflation;August;%;28.975741
Egypt;2024;Food price inflation;September;%;27.741656
Egypt;2024;Food price inflation;October;%;27.296027
Egypt;2024;Food price inflation;November;%;24.584576
Egypt;2024;Food price inflation;December;%;20.292276
Egypt;2025;Food price inflation;January;%;20.799012
Egypt;2025;Food price inflation;February;%;3.740296
Egypt;2025;Food price inflation;March;%;6.622285
Egypt;2025;Food price inflation;April;%;6.013442
Egypt;2025;Food price inflation;May;%;10.981394
Egypt;2025;Food price inflation;June;%;6.899004
Egypt;2025;Food price inflation;July;%;3.404255
Egypt;2025;Food price inflation;August;%;2.055033
Egypt;2025;Food price inflation;September;%;1.357313
Egypt;2025;Food price inflation;October;%;1.475281
Egypt;2025;Food price inflation;November;%;0.76351
Egypt;2025;Food price inflation;December;%;1.533732
India;2015;"Consumer Prices, Food Indices (2015 = 100)";January;;96.47486
India;2015;"Consumer Prices, Food Indices (2015 = 100)";February;;96.47486
India;2015;"Consumer Prices, Food Indices (2015 = 100)";March;;96.709973
India;2015;"Consumer Prices, Food Indices (2015 = 100)";April;;97.1802
India;2015;"Consumer Prices, Food Indices (2015 = 100)";May;;97.963911
India;2015;"Consumer Prices, Food Indices (2015 = 100)";June;;99.766447
India;2015;"Consumer Prices, Food Indices (2015 = 100)";July;;100.471788
India;2015;"Consumer Prices, Food Indices (2015 = 100)";August;;102.117581
India;2015;"Consumer Prices, Food Indices (2015 = 100)";September;;102.822922
India;2015;"Consumer Prices, Food Indices (2015 = 100)";October;;103.528262
India;2015;"Consumer Prices, Food Indices (2015 = 100)";November;;103.998488
India;2015;"Consumer Prices, Food Indices (2015 = 100)";December;;102.979664
India;2016;"Consumer Prices, Food Indices (2015 = 100)";January;;102.901293
India;2016;"Consumer Prices, Food Indices (2015 = 100)";February;;101.804097
India;2016;"Consumer Prices, Food Indices (2015 = 100)";March;;101.725726
India;2016;"Consumer Prices, Food Indices (2015 = 100)";April;;103.293148
India;2016;"Consumer Prices, Food Indices (2015 = 100)";May;;105.017313
India;2016;"Consumer Prices, Food Indices (2015 = 100)";June;;107.211705
India;2016;"Consumer Prices, Food Indices (2015 = 100)";July;;108.465643
India;2016;"Consumer Prices, Food Indices (2015 = 100)";August;;108.073787
India;2016;"Consumer Prices, Food Indices (2015 = 100)";September;;107.054962
India;2016;"Consumer Prices, Food Indices (2015 = 100)";October;;107.368447
India;2016;"Consumer Prices, Food Indices (2015 = 100)";November;;106.663107
India;2016;"Consumer Prices, Food Indices (2015 = 100)";December;;105.017313
India;2017;"Consumer Prices, Food Indices (2015 = 100)";January;;104.311973
India;2017;"Consumer Prices, Food Indices (2015 = 100)";February;;104.233602
India;2017;"Consumer Prices, Food Indices (2015 = 100)";March;;104.311973
India;2017;"Consumer Prices, Food Indices (2015 = 100)";April;;104.625457
India;2017;"Consumer Prices, Food Indices (2015 = 100)";May;;104.7822
India;2017;"Consumer Prices, Food Indices (2015 = 100)";June;;105.957767
India;2017;"Consumer Prices, Food Indices (2015 = 100)";July;;108.93587
India;2017;"Consumer Prices, Food Indices (2015 = 100)";August;;110.189808
India;2017;"Consumer Prices, Food Indices (2015 = 100)";September;;108.93587
India;2017;"Consumer Prices, Food Indices (2015 = 100)";October;;109.797952
India;2017;"Consumer Prices, Food Indices (2015 = 100)";November;;111.365375
India;2017;"Consumer Prices, Food Indices (2015 = 100)";December;;110.111437
India;2018;"Consumer Prices, Food Indices (2015 = 100)";January;;109.092612
India;2018;"Consumer Prices, Food Indices (2015 = 100)";February;;107.838674
India;2018;"Consumer Prices, Food Indices (2015 = 100)";March;;107.525189
India;2018;"Consumer Prices, Food Indices (2015 = 100)";April;;107.760303
India;2018;"Consumer Prices, Food Indices (2015 = 100)";May;;108.230529
India;2018;"Consumer Prices, Food Indices (2015 = 100)";June;;109.249354
India;2018;"Consumer Prices, Food Indices (2015 = 100)";July;;110.816777
India;2018;"Consumer Prices, Food Indices (2015 = 100)";August;;111.05189
India;2018;"Consumer Prices, Food Indices (2015 = 100)";September;;110.033065
India;2018;"Consumer Prices, Food Indices (2015 = 100)";October;;109.64121
India;2018;"Consumer Prices, Food Indices (2015 = 100)";November;;109.484467
India;2018;"Consumer Prices, Food Indices (2015 = 100)";December;;108.308901
India;2019;"Consumer Prices, Food Indices (2015 = 100)";January;;107.681932
India;2019;"Consumer Prices, Food Indices (2015 = 100)";February;;107.760303
India;2019;"Consumer Prices, Food Indices (2015 = 100)";March;;108.230529
India;2019;"Consumer Prices, Food Indices (2015 = 100)";April;;109.249354
India;2019;"Consumer Prices, Food Indices (2015 = 100)";May;;110.424921
India;2019;"Consumer Prices, Food Indices (2015 = 100)";June;;111.835601
India;2019;"Consumer Prices, Food Indices (2015 = 100)";July;;113.403024
India;2019;"Consumer Prices, Food Indices (2015 = 100)";August;;114.343477
India;2019;"Consumer Prices, Food Indices (2015 = 100)";September;;115.20556
India;2019;"Consumer Prices, Food Indices (2015 = 100)";October;;117.243209
India;2019;"Consumer Prices, Food Indices (2015 = 100)";November;;119.045745
India;2019;"Consumer Prices, Food Indices (2015 = 100)";December;;121.47525
India;2020;"Consumer Prices, Food Indices (2015 = 100)";January;;120.299683
India;2020;"Consumer Prices, Food Indices (2015 = 100)";February;;117.948549
India;2020;"Consumer Prices, Food Indices (2015 = 100)";March;;116.694611
India;2020;"Consumer Prices, Food Indices (2015 = 100)";April;;120.691539
India;2020;"Consumer Prices, Food Indices (2015 = 100)";May;;119.672714
India;2020;"Consumer Prices, Food Indices (2015 = 100)";June;;120.691539
India;2020;"Consumer Prices, Food Indices (2015 = 100)";July;;123.042673
India;2020;"Consumer Prices, Food Indices (2015 = 100)";August;;123.826384
India;2020;"Consumer Prices, Food Indices (2015 = 100)";September;;126.491003
India;2020;"Consumer Prices, Food Indices (2015 = 100)";October;;129.07725
India;2020;"Consumer Prices, Food Indices (2015 = 100)";November;;129.625848
India;2020;"Consumer Prices, Food Indices (2015 = 100)";December;;126.177518
India;2021;"Consumer Prices, Food Indices (2015 = 100)";January;;123.5129
India;2021;"Consumer Prices, Food Indices (2015 = 100)";February;;122.964302
India;2021;"Consumer Prices, Food Indices (2015 = 100)";March;;122.807559
India;2021;"Consumer Prices, Food Indices (2015 = 100)";April;;123.826384
India;2021;"Consumer Prices, Food Indices (2015 = 100)";May;;125.942405
India;2021;"Consumer Prices, Food Indices (2015 = 100)";June;;127.431456
India;2021;"Consumer Prices, Food Indices (2015 = 100)";July;;128.528652
India;2021;"Consumer Prices, Food Indices (2015 = 100)";August;;128.450281
India;2021;"Consumer Prices, Food Indices (2015 = 100)";September;;128.528652
India;2021;"Consumer Prices, Food Indices (2015 = 100)";October;;131.428384
India;2021;"Consumer Prices, Food Indices (2015 = 100)";November;;132.995806
India;2021;"Consumer Prices, Food Indices (2015 = 100)";December;;131.820239
India;2022;"Consumer Prices, Food Indices (2015 = 100)";January;;130.409559
India;2022;"Consumer Prices, Food Indices (2015 = 100)";February;;130.252817
India;2022;"Consumer Prices, Food Indices (2015 = 100)";March;;131.976982
India;2022;"Consumer Prices, Food Indices (2015 = 100)";April;;133.857889
India;2022;"Consumer Prices, Food Indices (2015 = 100)";May;;135.817167
India;2022;"Consumer Prices, Food Indices (2015 = 100)";June;;137.071105
India;2022;"Consumer Prices, Food Indices (2015 = 100)";July;;137.149476
India;2022;"Consumer Prices, Food Indices (2015 = 100)";August;;138.168301
India;2022;"Consumer Prices, Food Indices (2015 = 100)";September;;139.343868
India;2022;"Consumer Prices, Food Indices (2015 = 100)";October;;139.030383
India;2022;"Consumer Prices, Food Indices (2015 = 100)";November;;138.403414
India;2022;"Consumer Prices, Food Indices (2015 = 100)";December;;137.854816
India;2023;"Consumer Prices, Food Indices (2015 = 100)";January;;138.481785
India;2023;"Consumer Prices, Food Indices (2015 = 100)";February;;138.403414
India;2023;"Consumer Prices, Food Indices (2015 = 100)";March;;138.716899
India;2023;"Consumer Prices, Food Indices (2015 = 100)";April;;139.422239
India;2023;"Consumer Prices, Food Indices (2015 = 100)";May;;140.362692
India;2023;"Consumer Prices, Food Indices (2015 = 100)";June;;143.497538
India;2023;"Consumer Prices, Food Indices (2015 = 100)";July;;151.648135
India;2023;"Consumer Prices, Food Indices (2015 = 100)";August;;150.864424
India;2023;"Consumer Prices, Food Indices (2015 = 100)";September;;148.121434
India;2023;"Consumer Prices, Food Indices (2015 = 100)";October;;149.610486
India;2023;"Consumer Prices, Food Indices (2015 = 100)";November;;150.942795
India;2023;"Consumer Prices, Food Indices (2015 = 100)";December;;149.845599
India;2024;"Consumer Prices, Food Indices (2015 = 100)";January;;148.983517
India;2024;"Consumer Prices, Food Indices (2015 = 100)";February;;149.140259
India;2024;"Consumer Prices, Food Indices (2015 = 100)";March;;149.453743
India;2024;"Consumer Prices, Food Indices (2015 = 100)";April;;150.394197
India;2024;"Consumer Prices, Food Indices (2015 = 100)";May;;151.413022
India;2024;"Consumer Prices, Food Indices (2015 = 100)";June;;155.48832
India;2024;"Consumer Prices, Food Indices (2015 = 100)";July;;159.328506
India;2024;"Consumer Prices, Food Indices (2015 = 100)";August;;158.858279
India;2024;"Consumer Prices, Food Indices (2015 = 100)";September;;160.504073
India;2024;"Consumer Prices, Food Indices (2015 = 100)";October;;164.109145
India;2024;"Consumer Prices, Food Indices (2015 = 100)";November;;163.325433
India;2024;"Consumer Prices, Food Indices (2015 = 100)";December;;161.366155
India;2025;"Consumer Prices, Food Indices (2015 = 100)";January;;157.447599
India;2025;"Consumer Prices, Food Indices (2015 = 100)";February;;154.861351
India;2025;"Consumer Prices, Food Indices (2015 = 100)";March;;153.764155
India;2025;"Consumer Prices, Food Indices (2015 = 100)";April;;153.607413
India;2025;"Consumer Prices, Food Indices (2015 = 100)";May;;153.685784
India;2025;"Consumer Prices, Food Indices (2015 = 100)";June;;155.253207
India;2025;"Consumer Prices, Food Indices (2015 = 100)";July;;157.996196
India;2025;"Consumer Prices, Food Indices (2015 = 100)";August;;158.93665
India;2025;"Consumer Prices, Food Indices (2015 = 100)";September;;158.309681
India;2025;"Consumer Prices, Food Indices (2015 = 100)";October;;157.996196
India;2025;"Consumer Prices, Food Indices (2015 = 100)";November;;158.779908
India;2025;"Consumer Prices, Food Indices (2015 = 100)";December;;158.388052
India;2015;Food price inflation;January;%;6.303972
India;2015;Food price inflation;February;%;6.764961
India;2015;Food price inflation;March;%;6.287683
India;2015;Food price inflation;April;%;5.442177
India;2015;Food price inflation;May;%;5.130362
India;2015;Food price inflation;June;%;5.730897
India;2015;Food price inflation;July;%;2.806736
India;2015;Food price inflation;August;%;2.922591
India;2015;Food price inflation;September;%;4.292528
India;2015;Food price inflation;October;%;5.342903
India;2015;Food price inflation;November;%;6.07514
India;2015;Food price inflation;December;%;6.31068
India;2016;Food price inflation;January;%;6.661251
India;2016;Food price inflation;February;%;5.523964
India;2016;Food price inflation;March;%;5.186386
India;2016;Food price inflation;April;%;6.290323
India;2016;Food price inflation;June;%;7.462687
India;2016;Food price inflation;July;%;7.956318
India;2016;Food price inflation;August;%;5.832694
India;2016;Food price inflation;September;%;4.115854
India;2016;Food price inflation;October;%;3.709311
India;2016;Food price inflation;November;%;2.56217
India;2016;Food price inflation;December;%;1.978691
India;2017;Food price inflation;January;%;1.370906
India;2017;Food price inflation;February;%;2.386451
India;2017;Food price inflation;March;%;2.542373
India;2017;Food price inflation;April;%;1.289833
India;2017;Food price inflation;May;%;-0.223881
India;2017;Food price inflation;June;%;-1.169591
India;2017;Food price inflation;July;%;0.433526
India;2017;Food price inflation;August;%;1.957941
India;2017;Food price inflation;September;%;1.756955
India;2017;Food price inflation;October;%;2.262774
India;2017;Food price inflation;November;%;4.408523
India;2017;Food price inflation;December;%;4.850746
India;2018;Food price inflation;January;%;4.58302
India;2018;Food price inflation;February;%;3.458647
India;2018;Food price inflation;March;%;3.080391
India;2018;Food price inflation;April;%;2.996255
India;2018;Food price inflation;May;%;3.29095
India;2018;Food price inflation;June;%;3.106509
India;2018;Food price inflation;July;%;1.726619
India;2018;Food price inflation;August;%;0.782361
India;2018;Food price inflation;September;%;1.007194
India;2018;Food price inflation;October;%;-0.142755
India;2018;Food price inflation;November;%;-1.688951
India;2018;Food price inflation;December;%;-1.637011
India;2019;Food price inflation;January;%;-1.293103
India;2019;Food price inflation;February;%;-0.072674
India;2019;Food price inflation;March;%;0.655977
India;2019;Food price inflation;April;%;1.381818
India;2019;Food price inflation;May;%;2.027516
India;2019;Food price inflation;June;%;2.367288
India;2019;Food price inflation;July;%;2.333805
India;2019;Food price inflation;August;%;2.964008
India;2019;Food price inflation;September;%;4.700855
India;2019;Food price inflation;October;%;6.933524
India;2019;Food price inflation;November;%;8.732999
India;2019;Food price inflation;December;%;12.156295
India;2020;Food price inflation;January;%;11.717613
India;2020;Food price inflation;February;%;9.454545
India;2020;Food price inflation;March;%;7.82042
India;2020;Food price inflation;April;%;10.473458
India;2020;Food price inflation;May;%;8.374734
India;2020;Food price inflation;June;%;7.918711
India;2020;Food price inflation;July;%;8.500346
India;2020;Food price inflation;August;%;8.293352
India;2020;Food price inflation;September;%;9.795918
India;2020;Food price inflation;October;%;10.093583
India;2020;Food price inflation;November;%;8.887426
India;2020;Food price inflation;December;%;3.870968
India;2021;Food price inflation;January;%;2.67101
India;2021;Food price inflation;February;%;4.252492
India;2021;Food price inflation;March;%;5.238415
India;2021;Food price inflation;April;%;2.597403
India;2021;Food price inflation;May;%;5.239031
India;2021;Food price inflation;June;%;5.584416
India;2021;Food price inflation;July;%;4.458599
India;2021;Food price inflation;August;%;3.734177
India;2021;Food price inflation;September;%;1.610905
India;2021;Food price inflation;October;%;1.821494
India;2021;Food price inflation;November;%;2.599758
India;2021;Food price inflation;December;%;4.47205
India;2022;Food price inflation;January;%;5.583756
India;2022;Food price inflation;February;%;5.927342
India;2022;Food price inflation;March;%;7.466496
India;2022;Food price inflation;April;%;8.101266
India;2022;Food price inflation;May;%;7.840697
India;2022;Food price inflation;June;%;7.564576
India;2022;Food price inflation;July;%;6.707317
India;2022;Food price inflation;August;%;7.565589
India;2022;Food price inflation;September;%;8.414634
India;2022;Food price inflation;October;%;5.784138
India;2022;Food price inflation;November;%;4.065999
India;2022;Food price inflation;December;%;4.577883
India;2023;Food price inflation;January;%;6.189904
India;2023;Food price inflation;February;%;6.257521
India;2023;Food price inflation;March;%;5.106888
India;2023;Food price inflation;April;%;4.156909
India;2023;Food price inflation;May;%;3.346797
India;2023;Food price inflation;June;%;4.688393
India;2023;Food price inflation;July;%;10.571429
India;2023;Food price inflation;August;%;9.188883
India;2023;Food price inflation;September;%;6.299213
India;2023;Food price inflation;October;%;7.609921
India;2023;Food price inflation;November;%;9.060023
India;2023;Food price inflation;December;%;8.698124
India;2024;Food price inflation;January;%;7.583475
India;2024;Food price inflation;February;%;7.757644
India;2024;Food price inflation;March;%;7.740113
India;2024;Food price inflation;April;%;7.86959
India;2024;Food price inflation;May;%;7.872697
India;2024;Food price inflation;June;%;8.35609
India;2024;Food price inflation;July;%;5.064599
India;2024;Food price inflation;August;%;5.298701
India;2024;Food price inflation;September;%;8.359788
India;2024;Food price inflation;October;%;9.690938
India;2024;Food price inflation;November;%;8.203531
India;2024;Food price inflation;December;%;7.688285
India;2025;Food price inflation;January;%;5.68122
India;2025;Food price inflation;February;%;3.836048
India;2025;Food price inflation;March;%;2.884111
India;2025;Food price inflation;April;%;2.136529
India;2025;Food price inflation;May;%;1.501035
India;2025;Food price inflation;June;%;-0.15121
India;2025;Food price inflation;July;%;-0.836203
India;2025;Food price inflation;August;%;0.049334
India;2025;Food price inflation;September;%;-1.367187
India;2025;Food price inflation;October;%;-3.724928
India;2025;Food price inflation;November;%;-2.783109
India;2025;Food price inflation;December;%;-1.845556
Italy;2015;"Consumer Prices, Food Indices (2015 = 100)";January;;99.72427
Italy;2015;"Consumer Prices, Food Indices (2015 = 100)";February;;100.3676
Italy;2015;"Consumer Prices, Food Indices (2015 = 100)";March;;100.1838
Italy;2015;"Consumer Prices, Food Indices (2015 = 100)";April;;100.0919
Italy;2015;"Consumer Prices, Food Indices (2015 = 100)";May;;100.1838
Italy;2015;"Consumer Prices, Food Indices (2015 = 100)";June;;100.2757
Italy;2015;"Consumer Prices, Food Indices (2015 = 100)";July;;99.17279
Italy;2015;"Consumer Prices, Food Indices (2015 = 100)";August;;99.17279
Italy;2015;"Consumer Prices, Food Indices (2015 = 100)";September;;99.90809
Italy;2015;"Consumer Prices, Food Indices (2015 = 100)";October;;100.2757
Italy;2015;"Consumer Prices, Food Indices (2015 = 100)";November;;100.5515
Italy;2015;"Consumer Prices, Food Indices (2015 = 100)";December;;100.2757
Italy;2016;"Consumer Prices, Food Indices (2015 = 100)";January;;100.1
Italy;2016;"Consumer Prices, Food Indices (2015 = 100)";February;;100
Italy;2016;"Consumer Prices, Food Indices (2015 = 100)";March;;99.8
Italy;2016;"Consumer Prices, Food Indices (2015 = 100)";April;;100
Italy;2016;"Consumer Prices, Food Indices (2015 = 100)";May;;100.4
Italy;2016;"Consumer Prices, Food Indices (2015 = 100)";June;;100.5
Italy;2016;"Consumer Prices, Food Indices (2015 = 100)";July;;99.8
Italy;2016;"Consumer Prices, Food Indices (2015 = 100)";August;;100.1
Italy;2016;"Consumer Prices, Food Indices (2015 = 100)";September;;100
Italy;2016;"Consumer Prices, Food Indices (2015 = 100)";October;;100.1
Italy;2016;"Consumer Prices, Food Indices (2015 = 100)";November;;100.6
Italy;2016;"Consumer Prices, Food Indices (2015 = 100)";December;;101.1
Italy;2017;"Consumer Prices, Food Indices (2015 = 100)";January;;102.4
Italy;2017;"Consumer Prices, Food Indices (2015 = 100)";February;;103.8
Italy;2017;"Consumer Prices, Food Indices (2015 = 100)";March;;102.6
Italy;2017;"Consumer Prices, Food Indices (2015 = 100)";April;;102.2
Italy;2017;"Consumer Prices, Food Indices (2015 = 100)";May;;102.3
Italy;2017;"Consumer Prices, Food Indices (2015 = 100)";June;;101.5
Italy;2017;"Consumer Prices, Food Indices (2015 = 100)";July;;100.7
Italy;2017;"Consumer Prices, Food Indices (2015 = 100)";August;;100.9
Italy;2017;"Consumer Prices, Food Indices (2015 = 100)";September;;101.4
Italy;2017;"Consumer Prices, Food Indices (2015 = 100)";October;;102.2
Italy;2017;"Consumer Prices, Food Indices (2015 = 100)";November;;102.5
Italy;2017;"Consumer Prices, Food Indices (2015 = 100)";December;;102.6
Italy;2018;"Consumer Prices, Food Indices (2015 = 100)";January;;103.7
Italy;2018;"Consumer Prices, Food Indices (2015 = 100)";February;;103
Italy;2018;"Consumer Prices, Food Indices (2015 = 100)";March;;103.1
Italy;2018;"Consumer Prices, Food Indices (2015 = 100)";April;;103.4
Italy;2018;"Consumer Prices, Food Indices (2015 = 100)";May;;104.2
Italy;2018;"Consumer Prices, Food Indices (2015 = 100)";June;;103.9
Italy;2018;"Consumer Prices, Food Indices (2015 = 100)";July;;103.1
Italy;2018;"Consumer Prices, Food Indices (2015 = 100)";August;;103.1
Italy;2018;"Consumer Prices, Food Indices (2015 = 100)";September;;102.9
Italy;2018;"Consumer Prices, Food Indices (2015 = 100)";October;;102.9
Italy;2018;"Consumer Prices, Food Indices (2015 = 100)";November;;103.4
Italy;2018;"Consumer Prices, Food Indices (2015 = 100)";December;;103.4
Italy;2019;"Consumer Prices, Food Indices (2015 = 100)";January;;104.4
Italy;2019;"Consumer Prices, Food Indices (2015 = 100)";February;;104.8
Italy;2019;"Consumer Prices, Food Indices (2015 = 100)";March;;104.2
Italy;2019;"Consumer Prices, Food Indices (2015 = 100)";April;;103.8
Italy;2019;"Consumer Prices, Food Indices (2015 = 100)";May;;104.6
Italy;2019;"Consumer Prices, Food Indices (2015 = 100)";June;;104.2
Italy;2019;"Consumer Prices, Food Indices (2015 = 100)";July;;103.9
Italy;2019;"Consumer Prices, Food Indices (2015 = 100)";August;;104
Italy;2019;"Consumer Prices, Food Indices (2015 = 100)";September;;103.6
Italy;2019;"Consumer Prices, Food Indices (2015 = 100)";October;;103.7
Italy;2019;"Consumer Prices, Food Indices (2015 = 100)";November;;104.2
Italy;2019;"Consumer Prices, Food Indices (2015 = 100)";December;;104.2
Italy;2020;"Consumer Prices, Food Indices (2015 = 100)";January;;105
Italy;2020;"Consumer Prices, Food Indices (2015 = 100)";February;;105.1
Italy;2020;"Consumer Prices, Food Indices (2015 = 100)";March;;105.3
Italy;2020;"Consumer Prices, Food Indices (2015 = 100)";April;;106.7
Italy;2020;"Consumer Prices, Food Indices (2015 = 100)";May;;107.3
Italy;2020;"Consumer Prices, Food Indices (2015 = 100)";June;;106.7
Italy;2020;"Consumer Prices, Food Indices (2015 = 100)";July;;105.4
Italy;2020;"Consumer Prices, Food Indices (2015 = 100)";August;;105.1
Italy;2020;"Consumer Prices, Food Indices (2015 = 100)";September;;104.8
Italy;2020;"Consumer Prices, Food Indices (2015 = 100)";October;;105.1
Italy;2020;"Consumer Prices, Food Indices (2015 = 100)";November;;105.6
Italy;2020;"Consumer Prices, Food Indices (2015 = 100)";December;;105
Italy;2021;"Consumer Prices, Food Indices (2015 = 100)";January;;105.7
Italy;2021;"Consumer Prices, Food Indices (2015 = 100)";February;;105.5
Italy;2021;"Consumer Prices, Food Indices (2015 = 100)";March;;105.5
Italy;2021;"Consumer Prices, Food Indices (2015 = 100)";April;;106.2
Italy;2021;"Consumer Prices, Food Indices (2015 = 100)";May;;106.5
Italy;2021;"Consumer Prices, Food Indices (2015 = 100)";June;;106.1
Italy;2021;"Consumer Prices, Food Indices (2015 = 100)";July;;105.5
Italy;2021;"Consumer Prices, Food Indices (2015 = 100)";August;;105.9
Italy;2021;"Consumer Prices, Food Indices (2015 = 100)";September;;106
Italy;2021;"Consumer Prices, Food Indices (2015 = 100)";October;;106.3
Italy;2021;"Consumer Prices, Food Indices (2015 = 100)";November;;107.2
Italy;2021;"Consumer Prices, Food Indices (2015 = 100)";December;;108
Italy;2022;"Consumer Prices, Food Indices (2015 = 100)";January;;109.5
Italy;2022;"Consumer Prices, Food Indices (2015 = 100)";February;;110.6
Italy;2022;"Consumer Prices, Food Indices (2015 = 100)";March;;111.6
Italy;2022;"Consumer Prices, Food Indices (2015 = 100)";April;;113
Italy;2022;"Consumer Prices, Food Indices (2015 = 100)";May;;114.4
Italy;2022;"Consumer Prices, Food Indices (2015 = 100)";June;;115.7
Italy;2022;"Consumer Prices, Food Indices (2015 = 100)";July;;116
Italy;2022;"Consumer Prices, Food Indices (2015 = 100)";August;;117
Italy;2022;"Consumer Prices, Food Indices (2015 = 100)";September;;118.4
Italy;2022;"Consumer Prices, Food Indices (2015 = 100)";October;;120.7
Italy;2022;"Consumer Prices, Food Indices (2015 = 100)";November;;121.8
Italy;2022;"Consumer Prices, Food Indices (2015 = 100)";December;;122.2
Italy;2023;"Consumer Prices, Food Indices (2015 = 100)";January;;123.3
Italy;2023;"Consumer Prices, Food Indices (2015 = 100)";February;;125.2
Italy;2023;"Consumer Prices, Food Indices (2015 = 100)";March;;126.3
Italy;2023;"Consumer Prices, Food Indices (2015 = 100)";April;;126.7
Italy;2023;"Consumer Prices, Food Indices (2015 = 100)";May;;127.9
Italy;2023;"Consumer Prices, Food Indices (2015 = 100)";June;;128.4
Italy;2023;"Consumer Prices, Food Indices (2015 = 100)";July;;128.4
Italy;2023;"Consumer Prices, Food Indices (2015 = 100)";August;;128.6
Italy;2023;"Consumer Prices, Food Indices (2015 = 100)";September;;128.5
Italy;2023;"Consumer Prices, Food Indices (2015 = 100)";October;;128.5
Italy;2023;"Consumer Prices, Food Indices (2015 = 100)";November;;129
Italy;2023;"Consumer Prices, Food Indices (2015 = 100)";December;;129.4
Italy;2024;"Consumer Prices, Food Indices (2015 = 100)";January;;130.4
Italy;2024;"Consumer Prices, Food Indices (2015 = 100)";February;;130.1
Italy;2024;"Consumer Prices, Food Indices (2015 = 100)";March;;129.9
Italy;2024;"Consumer Prices, Food Indices (2015 = 100)";April;;129.9
Italy;2024;"Consumer Prices, Food Indices (2015 = 100)";May;;130.5
Italy;2024;"Consumer Prices, Food Indices (2015 = 100)";June;;130.2
Italy;2024;"Consumer Prices, Food Indices (2015 = 100)";July;;129.6
Italy;2024;"Consumer Prices, Food Indices (2015 = 100)";August;;129.8
Italy;2024;"Consumer Prices, Food Indices (2015 = 100)";September;;130.1
Italy;2024;"Consumer Prices, Food Indices (2015 = 100)";October;;131.7
Italy;2024;"Consumer Prices, Food Indices (2015 = 100)";November;;132.6
Italy;2024;"Consumer Prices, Food Indices (2015 = 100)";December;;132.1
Italy;2025;"Consumer Prices, Food Indices (2015 = 100)";January;;133.1
Italy;2025;"Consumer Prices, Food Indices (2015 = 100)";February;;133.2
Italy;2025;"Consumer Prices, Food Indices (2015 = 100)";March;;133.2
Italy;2025;"Consumer Prices, Food Indices (2015 = 100)";April;;134.1
Italy;2025;"Consumer Prices, Food Indices (2015 = 100)";May;;134.7
Italy;2025;"Consumer Prices, Food Indices (2015 = 100)";June;;134.7
Italy;2025;"Consumer Prices, Food Indices (2015 = 100)";July;;134.7
Italy;2025;"Consumer Prices, Food Indices (2015 = 100)";August;;135
Italy;2025;"Consumer Prices, Food Indices (2015 = 100)";September;;134.9
Italy;2025;"Consumer Prices, Food Indices (2015 = 100)";October;;134.980581
Italy;2025;"Consumer Prices, Food Indices (2015 = 100)";November;;135.080566
Italy;2025;"Consumer Prices, Food Indices (2015 = 100)";December;;135.180552
Italy;2015;Food price inflation;January;%;0.092259
Italy;2015;Food price inflation;February;%;1.017527
Italy;2015;Food price inflation;March;%;1.113151
Italy;2015;Food price inflation;April;%;1.020399
Italy;2015;Food price inflation;May;%;1.019443
Italy;2015;Food price inflation;June;%;1.018479
Italy;2015;Food price inflation;July;%;0.841115
Italy;2015;Food price inflation;August;%;0.935446
Italy;2015;Food price inflation;September;%;1.493933
Italy;2015;Food price inflation;October;%;1.867378
Italy;2015;Food price inflation;November;%;1.484262
Italy;2015;Food price inflation;December;%;1.205904
Italy;2016;Food price inflation;January;%;0.376769
Italy;2016;Food price inflation;February;%;-0.366254
Italy;2016;Food price inflation;March;%;-0.383096
Italy;2016;Food price inflation;April;%;-0.091816
Italy;2016;Food price inflation;May;%;0.215803
Italy;2016;Food price inflation;June;%;0.223683
Italy;2016;Food price inflation;July;%;0.632442
Italy;2016;Food price inflation;August;%;0.934944
Italy;2016;Food price inflation;September;%;0.091995
Italy;2016;Food price inflation;October;%;-0.175217
Italy;2016;Food price inflation;November;%;0.048234
Italy;2016;Food price inflation;December;%;0.822034
Italy;2017;Food price inflation;January;%;2.297702
Italy;2017;Food price inflation;March;%;2.805611
Italy;2017;Food price inflation;May;%;1.89243
Italy;2017;Food price inflation;June;%;0.995025
Italy;2017;Food price inflation;July;%;0.901804
Italy;2017;Food price inflation;August;%;0.799201
Italy;2017;Food price inflation;October;%;2.097902
Italy;2017;Food price inflation;November;%;1.888668
Italy;2017;Food price inflation;December;%;1.48368
Italy;2018;Food price inflation;January;%;1.269531
Italy;2018;Food price inflation;February;%;-0.770713
Italy;2018;Food price inflation;March;%;0.487329
Italy;2018;Food price inflation;April;%;1.174168
Italy;2018;Food price inflation;May;%;1.857283
Italy;2018;Food price inflation;June;%;2.364532
Italy;2018;Food price inflation;July;%;2.383317
Italy;2018;Food price inflation;August;%;2.180377
Italy;2018;Food price inflation;September;%;1.47929
Italy;2018;Food price inflation;October;%;0.684932
Italy;2018;Food price inflation;November;%;0.878049
Italy;2018;Food price inflation;December;%;0.779727
Italy;2019;Food price inflation;January;%;0.675024
Italy;2019;Food price inflation;February;%;1.747573
Italy;2019;Food price inflation;March;%;1.066925
Italy;2019;Food price inflation;April;%;0.386847
Italy;2019;Food price inflation;May;%;0.383877
Italy;2019;Food price inflation;June;%;0.288739
Italy;2019;Food price inflation;July;%;0.775946
Italy;2019;Food price inflation;August;%;0.872939
Italy;2019;Food price inflation;September;%;0.680272
Italy;2019;Food price inflation;October;%;0.777454
Italy;2019;Food price inflation;November;%;0.773694
Italy;2019;Food price inflation;December;%;0.773694
Italy;2020;Food price inflation;January;%;0.574713
Italy;2020;Food price inflation;February;%;0.28626
Italy;2020;Food price inflation;March;%;1.055662
Italy;2020;Food price inflation;April;%;2.793834
Italy;2020;Food price inflation;May;%;2.581262
Italy;2020;Food price inflation;June;%;2.399232
Italy;2020;Food price inflation;July;%;1.443696
Italy;2020;Food price inflation;August;%;1.057692
Italy;2020;Food price inflation;September;%;1.158301
Italy;2020;Food price inflation;October;%;1.350048
Italy;2020;Food price inflation;November;%;1.34357
Italy;2020;Food price inflation;December;%;0.767754
Italy;2021;Food price inflation;January;%;0.666667
Italy;2021;Food price inflation;February;%;0.38059
Italy;2021;Food price inflation;March;%;0.189934
Italy;2021;Food price inflation;April;%;-0.468604
Italy;2021;Food price inflation;May;%;-0.745573
Italy;2021;Food price inflation;June;%;-0.562324
Italy;2021;Food price inflation;July;%;0.094877
Italy;2021;Food price inflation;August;%;0.76118
Italy;2021;Food price inflation;September;%;1.145038
Italy;2021;Food price inflation;October;%;1.14177
Italy;2021;Food price inflation;November;%;1.515152
Italy;2021;Food price inflation;December;%;2.857143
Italy;2022;Food price inflation;January;%;3.59508
Italy;2022;Food price inflation;February;%;4.834123
Italy;2022;Food price inflation;March;%;5.781991
Italy;2022;Food price inflation;April;%;6.403013
Italy;2022;Food price inflation;May;%;7.41784
Italy;2022;Food price inflation;June;%;9.048068
Italy;2022;Food price inflation;July;%;9.952607
Italy;2022;Food price inflation;August;%;10.481586
Italy;2022;Food price inflation;September;%;11.698113
Italy;2022;Food price inflation;October;%;13.546566
Italy;2022;Food price inflation;November;%;13.619403
Italy;2022;Food price inflation;December;%;13.148148
Italy;2023;Food price inflation;January;%;12.60274
Italy;2023;Food price inflation;February;%;13.200723
Italy;2023;Food price inflation;March;%;13.172043
Italy;2023;Food price inflation;April;%;12.123894
Italy;2023;Food price inflation;May;%;11.800699
Italy;2023;Food price inflation;June;%;10.976664
Italy;2023;Food price inflation;July;%;10.689655
Italy;2023;Food price inflation;August;%;9.91453
Italy;2023;Food price inflation;September;%;8.530405
Italy;2023;Food price inflation;October;%;6.462303
Italy;2023;Food price inflation;November;%;5.91133
Italy;2023;Food price inflation;December;%;5.89198
Italy;2024;Food price inflation;January;%;5.758313
Italy;2024;Food price inflation;February;%;3.913738
Italy;2024;Food price inflation;March;%;2.850356
Italy;2024;Food price inflation;April;%;2.525651
Italy;2024;Food price inflation;May;%;2.032838
Italy;2024;Food price inflation;June;%;1.401869
Italy;2024;Food price inflation;July;%;0.934579
Italy;2024;Food price inflation;August;%;0.933126
Italy;2024;Food price inflation;September;%;1.245136
Italy;2024;Food price inflation;October;%;2.490272
Italy;2024;Food price inflation;November;%;2.790698
Italy;2024;Food price inflation;December;%;2.086553
Italy;2025;Food price inflation;January;%;2.070552
Italy;2025;Food price inflation;February;%;2.382782
Italy;2025;Food price inflation;March;%;2.540416
Italy;2025;Food price inflation;April;%;3.233256
Italy;2025;Food price inflation;May;%;3.218391
Italy;2025;Food price inflation;June;%;3.456221
Italy;2025;Food price inflation;July;%;3.935185
Italy;2025;Food price inflation;August;%;4.006163
Italy;2025;Food price inflation;September;%;3.68947
Italy;2025;Food price inflation;October;%;2.49095
Italy;2025;Food price inflation;November;%;1.870714
Italy;2025;Food price inflation;December;%;2.331985
Kenya;2015;"Consumer Prices, Food Indices (2015 = 100)";January;;93.101516
Kenya;2015;"Consumer Prices, Food Indices (2015 = 100)";February;;94.326158
Kenya;2015;"Consumer Prices, Food Indices (2015 = 100)";March;;96.827732
Kenya;2015;"Consumer Prices, Food Indices (2015 = 100)";April;;100.619416
Kenya;2015;"Consumer Prices, Food Indices (2015 = 100)";May;;101.682715
Kenya;2015;"Consumer Prices, Food Indices (2015 = 100)";June;;101.580835
Kenya;2015;"Consumer Prices, Food Indices (2015 = 100)";July;;100.968493
Kenya;2015;"Consumer Prices, Food Indices (2015 = 100)";August;;100.703442
Kenya;2015;"Consumer Prices, Food Indices (2015 = 100)";September;;101.184752
Kenya;2015;"Consumer Prices, Food Indices (2015 = 100)";October;;102.072152
Kenya;2015;"Consumer Prices, Food Indices (2015 = 100)";November;;103.170575
Kenya;2015;"Consumer Prices, Food Indices (2015 = 100)";December;;104.438893
Kenya;2016;"Consumer Prices, Food Indices (2015 = 100)";January;;104.931799
Kenya;2016;"Consumer Prices, Food Indices (2015 = 100)";February;;104.485058
Kenya;2016;"Consumer Prices, Food Indices (2015 = 100)";March;;105.939055
Kenya;2016;"Consumer Prices, Food Indices (2015 = 100)";April;;107.501792
Kenya;2016;"Consumer Prices, Food Indices (2015 = 100)";May;;108.381243
Kenya;2016;"Consumer Prices, Food Indices (2015 = 100)";June;;110.612932
Kenya;2016;"Consumer Prices, Food Indices (2015 = 100)";July;;111.850218
Kenya;2016;"Consumer Prices, Food Indices (2015 = 100)";August;;111.633061
Kenya;2016;"Consumer Prices, Food Indices (2015 = 100)";September;;112.251405
Kenya;2016;"Consumer Prices, Food Indices (2015 = 100)";October;;113.332912
Kenya;2016;"Consumer Prices, Food Indices (2015 = 100)";November;;114.656475
Kenya;2016;"Consumer Prices, Food Indices (2015 = 100)";December;;116.160845
Kenya;2017;"Consumer Prices, Food Indices (2015 = 100)";January;;118.09099
Kenya;2017;"Consumer Prices, Food Indices (2015 = 100)";February;;121.730132
Kenya;2017;"Consumer Prices, Food Indices (2015 = 100)";March;;125.597199
Kenya;2017;"Consumer Prices, Food Indices (2015 = 100)";April;;130.060276
Kenya;2017;"Consumer Prices, Food Indices (2015 = 100)";May;;131.704737
Kenya;2017;"Consumer Prices, Food Indices (2015 = 100)";June;;128.101772
Kenya;2017;"Consumer Prices, Food Indices (2015 = 100)";July;;125.481947
Kenya;2017;"Consumer Prices, Food Indices (2015 = 100)";August;;126.784539
Kenya;2017;"Consumer Prices, Food Indices (2015 = 100)";September;;125.157872
Kenya;2017;"Consumer Prices, Food Indices (2015 = 100)";October;;122.930872
Kenya;2017;"Consumer Prices, Food Indices (2015 = 100)";November;;121.290851
Kenya;2017;"Consumer Prices, Food Indices (2015 = 100)";December;;121.591737
Kenya;2018;"Consumer Prices, Food Indices (2015 = 100)";January;;123.648316
Kenya;2018;"Consumer Prices, Food Indices (2015 = 100)";February;;126.397944
Kenya;2018;"Consumer Prices, Food Indices (2015 = 100)";March;;128.349124
Kenya;2018;"Consumer Prices, Food Indices (2015 = 100)";April;;130.392453
Kenya;2018;"Consumer Prices, Food Indices (2015 = 100)";May;;132.156543
Kenya;2018;"Consumer Prices, Food Indices (2015 = 100)";June;;129.255026
Kenya;2018;"Consumer Prices, Food Indices (2015 = 100)";July;;126.148926
Kenya;2018;"Consumer Prices, Food Indices (2015 = 100)";August;;125.320207
Kenya;2018;"Consumer Prices, Food Indices (2015 = 100)";September;;125.786003
Kenya;2018;"Consumer Prices, Food Indices (2015 = 100)";October;;123.566063
Kenya;2018;"Consumer Prices, Food Indices (2015 = 100)";November;;123.382419
Kenya;2018;"Consumer Prices, Food Indices (2015 = 100)";December;;124.678383
Kenya;2019;"Consumer Prices, Food Indices (2015 = 100)";January;;125.645336
Kenya;2019;"Consumer Prices, Food Indices (2015 = 100)";February;;127.781673
Kenya;2019;"Consumer Prices, Food Indices (2015 = 100)";March;;132.560364
Kenya;2019;"Consumer Prices, Food Indices (2015 = 100)";April;;135.11998
Kenya;2019;"Consumer Prices, Food Indices (2015 = 100)";May;;137.441731
Kenya;2019;"Consumer Prices, Food Indices (2015 = 100)";June;;138.516917
Kenya;2019;"Consumer Prices, Food Indices (2015 = 100)";July;;139.270295
Kenya;2019;"Consumer Prices, Food Indices (2015 = 100)";August;;139.456685
Kenya;2019;"Consumer Prices, Food Indices (2015 = 100)";September;;139.907076
Kenya;2019;"Consumer Prices, Food Indices (2015 = 100)";October;;140.711417
Kenya;2019;"Consumer Prices, Food Indices (2015 = 100)";November;;142.46009
Kenya;2019;"Consumer Prices, Food Indices (2015 = 100)";December;;144.429756
Kenya;2020;"Consumer Prices, Food Indices (2015 = 100)";January;;145.893986
Kenya;2020;"Consumer Prices, Food Indices (2015 = 100)";February;;147.873802
Kenya;2020;"Consumer Prices, Food Indices (2015 = 100)";March;;148.737192
Kenya;2020;"Consumer Prices, Food Indices (2015 = 100)";April;;151.372142
Kenya;2020;"Consumer Prices, Food Indices (2015 = 100)";May;;151.513334
Kenya;2020;"Consumer Prices, Food Indices (2015 = 100)";June;;149.614683
Kenya;2020;"Consumer Prices, Food Indices (2015 = 100)";July;;148.230946
Kenya;2020;"Consumer Prices, Food Indices (2015 = 100)";August;;146.865582
Kenya;2020;"Consumer Prices, Food Indices (2015 = 100)";September;;147.101724
Kenya;2020;"Consumer Prices, Food Indices (2015 = 100)";October;;148.905116
Kenya;2020;"Consumer Prices, Food Indices (2015 = 100)";November;;151.125266
Kenya;2020;"Consumer Prices, Food Indices (2015 = 100)";December;;154.84881
Kenya;2021;"Consumer Prices, Food Indices (2015 = 100)";January;;157.252556
Kenya;2021;"Consumer Prices, Food Indices (2015 = 100)";February;;158.53171
Kenya;2021;"Consumer Prices, Food Indices (2015 = 100)";March;;158.588646
Kenya;2021;"Consumer Prices, Food Indices (2015 = 100)";April;;161.28738
Kenya;2021;"Consumer Prices, Food Indices (2015 = 100)";May;;161.941765
Kenya;2021;"Consumer Prices, Food Indices (2015 = 100)";June;;161.903595
Kenya;2021;"Consumer Prices, Food Indices (2015 = 100)";July;;160.96849
Kenya;2021;"Consumer Prices, Food Indices (2015 = 100)";August;;162.365399
Kenya;2021;"Consumer Prices, Food Indices (2015 = 100)";September;;162.48577
Kenya;2021;"Consumer Prices, Food Indices (2015 = 100)";October;;164.363138
Kenya;2021;"Consumer Prices, Food Indices (2015 = 100)";November;;165.936642
Kenya;2021;"Consumer Prices, Food Indices (2015 = 100)";December;;168.780295
Kenya;2022;"Consumer Prices, Food Indices (2015 = 100)";January;;169.804501
Kenya;2022;"Consumer Prices, Food Indices (2015 = 100)";February;;171.219221
Kenya;2022;"Consumer Prices, Food Indices (2015 = 100)";March;;173.85023
Kenya;2022;"Consumer Prices, Food Indices (2015 = 100)";April;;178.9895
Kenya;2022;"Consumer Prices, Food Indices (2015 = 100)";May;;181.235982
Kenya;2022;"Consumer Prices, Food Indices (2015 = 100)";June;;183.70939
Kenya;2022;"Consumer Prices, Food Indices (2015 = 100)";July;;185.86696
Kenya;2022;"Consumer Prices, Food Indices (2015 = 100)";August;;186.883162
Kenya;2022;"Consumer Prices, Food Indices (2015 = 100)";September;;187.372461
Kenya;2022;"Consumer Prices, Food Indices (2015 = 100)";October;;189.91384
Kenya;2022;"Consumer Prices, Food Indices (2015 = 100)";November;;191.161232
Kenya;2022;"Consumer Prices, Food Indices (2015 = 100)";December;;191.545388
Kenya;2023;"Consumer Prices, Food Indices (2015 = 100)";January;;191.77327
Kenya;2023;"Consumer Prices, Food Indices (2015 = 100)";February;;194.073421
Kenya;2023;"Consumer Prices, Food Indices (2015 = 100)";March;;197.127717
Kenya;2023;"Consumer Prices, Food Indices (2015 = 100)";April;;196.986267
Kenya;2023;"Consumer Prices, Food Indices (2015 = 100)";May;;199.952729
Kenya;2023;"Consumer Prices, Food Indices (2015 = 100)";June;;202.513061
Kenya;2023;"Consumer Prices, Food Indices (2015 = 100)";July;;201.476285
Kenya;2023;"Consumer Prices, Food Indices (2015 = 100)";August;;200.796363
Kenya;2023;"Consumer Prices, Food Indices (2015 = 100)";September;;202.192413
Kenya;2023;"Consumer Prices, Food Indices (2015 = 100)";October;;204.719651
Kenya;2023;"Consumer Prices, Food Indices (2015 = 100)";November;;205.605096
Kenya;2023;"Consumer Prices, Food Indices (2015 = 100)";December;;206.304382
Kenya;2024;"Consumer Prices, Food Indices (2015 = 100)";January;;206.977209
Kenya;2024;"Consumer Prices, Food Indices (2015 = 100)";February;;207.484234
Kenya;2024;"Consumer Prices, Food Indices (2015 = 100)";March;;208.482034
Kenya;2024;"Consumer Prices, Food Indices (2015 = 100)";April;;208.201821
Kenya;2024;"Consumer Prices, Food Indices (2015 = 100)";May;;212.143775
Kenya;2024;"Consumer Prices, Food Indices (2015 = 100)";June;;213.759905
Kenya;2024;"Consumer Prices, Food Indices (2015 = 100)";July;;212.650689
Kenya;2024;"Consumer Prices, Food Indices (2015 = 100)";August;;210.715951
Kenya;2024;"Consumer Prices, Food Indices (2015 = 100)";September;;211.400607
Kenya;2024;"Consumer Prices, Food Indices (2015 = 100)";October;;212.576128
Kenya;2024;"Consumer Prices, Food Indices (2015 = 100)";November;;214.109112
Kenya;2024;"Consumer Prices, Food Indices (2015 = 100)";December;;215.304487
Kenya;2025;"Consumer Prices, Food Indices (2015 = 100)";January;;218.780049
Kenya;2025;"Consumer Prices, Food Indices (2015 = 100)";February;;219.956398
Kenya;2025;"Consumer Prices, Food Indices (2015 = 100)";March;;221.572772
Kenya;2025;"Consumer Prices, Food Indices (2015 = 100)";April;;222.362234
Kenya;2025;"Consumer Prices, Food Indices (2015 = 100)";May;;225.239589
Kenya;2025;"Consumer Prices, Food Indices (2015 = 100)";June;;227.562331
Kenya;2025;"Consumer Prices, Food Indices (2015 = 100)";July;;228.985541
Kenya;2025;"Consumer Prices, Food Indices (2015 = 100)";August;;228.397576
Kenya;2025;"Consumer Prices, Food Indices (2015 = 100)";September;;229.299429
Kenya;2025;"Consumer Prices, Food Indices (2015 = 100)";October;;229.610513
Kenya;2025;"Consumer Prices, Food Indices (2015 = 100)";November;;230.1063
Kenya;2025;"Consumer Prices, Food Indices (2015 = 100)";December;;232.138067
Kenya;2015;Food price inflation;January;%;7.674199
Kenya;2015;Food price inflation;February;%;8.696157
Kenya;2015;Food price inflation;March;%;10.955497
Kenya;2015;Food price inflation;April;%;13.41956
Kenya;2015;Food price inflation;May;%;13.203172
Kenya;2015;Food price inflation;June;%;13.385336
Kenya;2015;Food price inflation;July;%;12.140679
Kenya;2015;Food price inflation;August;%;9.927707
Kenya;2015;Food price inflation;September;%;9.81204
Kenya;2015;Food price inflation;October;%;11.274004
Kenya;2015;Food price inflation;November;%;12.673713
Kenya;2015;Food price inflation;December;%;13.258103
Kenya;2016;Food price inflation;January;%;12.706863
Kenya;2016;Food price inflation;February;%;10.769972
Kenya;2016;Food price inflation;March;%;9.409829
Kenya;2016;Food price inflation;April;%;6.840008
Kenya;2016;Food price inflation;May;%;6.587677
Kenya;2016;Food price inflation;June;%;8.891537
Kenya;2016;Food price inflation;July;%;10.777348
Kenya;2016;Food price inflation;August;%;10.853272
Kenya;2016;Food price inflation;September;%;10.937076
Kenya;2016;Food price inflation;October;%;11.032157
Kenya;2016;Food price inflation;November;%;11.132922
Kenya;2016;Food price inflation;December;%;11.223742
Kenya;2017;Food price inflation;January;%;12.540708
Kenya;2017;Food price inflation;February;%;16.504823
Kenya;2017;Food price inflation;March;%;18.556088
Kenya;2017;Food price inflation;April;%;20.984286
Kenya;2017;Food price inflation;May;%;21.519862
Kenya;2017;Food price inflation;June;%;15.810845
Kenya;2017;Food price inflation;July;%;12.187486
Kenya;2017;Food price inflation;August;%;13.572573
Kenya;2017;Food price inflation;September;%;11.497822
Kenya;2017;Food price inflation;October;%;8.46882
Kenya;2017;Food price inflation;November;%;5.786307
Kenya;2017;Food price inflation;December;%;4.675321
Kenya;2018;Food price inflation;January;%;4.70597
Kenya;2018;Food price inflation;February;%;3.834557
Kenya;2018;Food price inflation;March;%;2.191072
Kenya;2018;Food price inflation;April;%;0.255402
Kenya;2018;Food price inflation;May;%;0.343044
Kenya;2018;Food price inflation;June;%;0.900264
Kenya;2018;Food price inflation;July;%;0.531533
Kenya;2018;Food price inflation;August;%;-1.154977
Kenya;2018;Food price inflation;September;%;0.501871
Kenya;2018;Food price inflation;October;%;0.516706
Kenya;2018;Food price inflation;November;%;1.724423
Kenya;2018;Food price inflation;December;%;2.538532
Kenya;2019;Food price inflation;January;%;1.615081
Kenya;2019;Food price inflation;February;%;1.09474
Kenya;2019;Food price inflation;March;%;3.281082
Kenya;2019;Food price inflation;April;%;3.625614
Kenya;2019;Food price inflation;May;%;3.999188
Kenya;2019;Food price inflation;June;%;7.165594
Kenya;2019;Food price inflation;July;%;10.401491
Kenya;2019;Food price inflation;August;%;11.280287
Kenya;2019;Food price inflation;September;%;11.226267
Kenya;2019;Food price inflation;October;%;13.875456
Kenya;2019;Food price inflation;November;%;15.462229
Kenya;2019;Food price inflation;December;%;15.841858
Kenya;2020;Food price inflation;January;%;16.115719
Kenya;2020;Food price inflation;February;%;15.723795
Kenya;2020;Food price inflation;March;%;12.203367
Kenya;2020;Food price inflation;April;%;12.027949
Kenya;2020;Food price inflation;May;%;10.238231
Kenya;2020;Food price inflation;June;%;8.011849
Kenya;2020;Food price inflation;July;%;6.434001
Kenya;2020;Food price inflation;August;%;5.312687
Kenya;2020;Food price inflation;September;%;5.142447
Kenya;2020;Food price inflation;October;%;5.823051
Kenya;2020;Food price inflation;November;%;6.082528
Kenya;2020;Food price inflation;December;%;7.213925
Kenya;2021;Food price inflation;January;%;7.785496
Kenya;2021;Food price inflation;February;%;7.207435
Kenya;2021;Food price inflation;March;%;6.623397
Kenya;2021;Food price inflation;April;%;6.550239
Kenya;2021;Food price inflation;May;%;6.882847
Kenya;2021;Food price inflation;June;%;8.213707
Kenya;2021;Food price inflation;July;%;8.59304
Kenya;2021;Food price inflation;August;%;10.553744
Kenya;2021;Food price inflation;October;%;10.381123
Kenya;2021;Food price inflation;November;%;9.800728
Kenya;2021;Food price inflation;December;%;8.996831
Kenya;2022;Food price inflation;January;%;7.982029
Kenya;2022;Food price inflation;February;%;8.003138
Kenya;2022;Food price inflation;March;%;9.623377
Kenya;2022;Food price inflation;April;%;10.975515
Kenya;2022;Food price inflation;May;%;11.914293
Kenya;2022;Food price inflation;June;%;13.468382
Kenya;2022;Food price inflation;July;%;15.467915
Kenya;2022;Food price inflation;August;%;15.100362
Kenya;2022;Food price inflation;September;%;15.316228
Kenya;2022;Food price inflation;October;%;15.545275
Kenya;2022;Food price inflation;November;%;15.201338
Kenya;2022;Food price inflation;December;%;13.488004
Kenya;2023;Food price inflation;January;%;12.937684
Kenya;2023;Food price inflation;February;%;13.347917
Kenya;2023;Food price inflation;March;%;13.389391
Kenya;2023;Food price inflation;April;%;10.05465
Kenya;2023;Food price inflation;May;%;10.32728
Kenya;2023;Food price inflation;June;%;10.235553
Kenya;2023;Food price inflation;July;%;8.398117
Kenya;2023;Food price inflation;August;%;7.444866
Kenya;2023;Food price inflation;September;%;7.909355
Kenya;2023;Food price inflation;October;%;7.796067
Kenya;2023;Food price inflation;November;%;7.555854
Kenya;2023;Food price inflation;December;%;7.70522
Kenya;2024;Food price inflation;January;%;7.928081
Kenya;2024;Food price inflation;February;%;6.910175
Kenya;2024;Food price inflation;March;%;5.759879
Kenya;2024;Food price inflation;April;%;5.693572
Kenya;2024;Food price inflation;May;%;6.096964
Kenya;2024;Food price inflation;June;%;5.553639
Kenya;2024;Food price inflation;July;%;5.546263
Kenya;2024;Food price inflation;August;%;4.940123
Kenya;2024;Food price inflation;September;%;4.554173
Kenya;2024;Food price inflation;October;%;3.837676
Kenya;2024;Food price inflation;November;%;4.136092
Kenya;2024;Food price inflation;December;%;4.362537
Kenya;2025;Food price inflation;January;%;5.702483
Kenya;2025;Food price inflation;February;%;6.011138
Kenya;2025;Food price inflation;March;%;6.279073
Kenya;2025;Food price inflation;April;%;6.801292
Kenya;2025;Food price inflation;May;%;6.173084
Kenya;2025;Food price inflation;June;%;6.456976
Kenya;2025;Food price inflation;July;%;7.681542
Kenya;2025;Food price inflation;August;%;8.391213
Kenya;2025;Food price inflation;September;%;8.466779
Kenya;2025;Food price inflation;October;%;8.013311
Kenya;2025;Food price inflation;November;%;7.471512
Kenya;2025;Food price inflation;December;%;7.818499
Nigeria;2015;"Consumer Prices, Food Indices (2015 = 100)";January;;95.413668
Nigeria;2015;"Consumer Prices, Food Indices (2015 = 100)";February;;96.114259
Nigeria;2015;"Consumer Prices, Food Indices (2015 = 100)";March;;97.091631
Nigeria;2015;"Consumer Prices, Food Indices (2015 = 100)";April;;97.958295
Nigeria;2015;"Consumer Prices, Food Indices (2015 = 100)";May;;99.010497
Nigeria;2015;"Consumer Prices, Food Indices (2015 = 100)";June;;100.0475
Nigeria;2015;"Consumer Prices, Food Indices (2015 = 100)";July;;100.816559
Nigeria;2015;"Consumer Prices, Food Indices (2015 = 100)";August;;101.448104
Nigeria;2015;"Consumer Prices, Food Indices (2015 = 100)";September;;102.095986
Nigeria;2015;"Consumer Prices, Food Indices (2015 = 100)";October;;102.558544
Nigeria;2015;"Consumer Prices, Food Indices (2015 = 100)";November;;103.361407
Nigeria;2015;"Consumer Prices, Food Indices (2015 = 100)";December;;104.562596
Nigeria;2016;"Consumer Prices, Food Indices (2015 = 100)";January;;105.523476
Nigeria;2016;"Consumer Prices, Food Indices (2015 = 100)";February;;106.959756
Nigeria;2016;"Consumer Prices, Food Indices (2015 = 100)";March;;109.377113
Nigeria;2016;"Consumer Prices, Food Indices (2015 = 100)";April;;110.790118
Nigeria;2016;"Consumer Prices, Food Indices (2015 = 100)";May;;113.617138
Nigeria;2016;"Consumer Prices, Food Indices (2015 = 100)";June;;115.242344
Nigeria;2016;"Consumer Prices, Food Indices (2015 = 100)";July;;116.621065
Nigeria;2016;"Consumer Prices, Food Indices (2015 = 100)";August;;117.973499
Nigeria;2016;"Consumer Prices, Food Indices (2015 = 100)";September;;118.919146
Nigeria;2016;"Consumer Prices, Food Indices (2015 = 100)";October;;119.932664
Nigeria;2016;"Consumer Prices, Food Indices (2015 = 100)";November;;120.982346
Nigeria;2016;"Consumer Prices, Food Indices (2015 = 100)";December;;122.586982
Nigeria;2017;"Consumer Prices, Food Indices (2015 = 100)";January;;124.162675
Nigeria;2017;"Consumer Prices, Food Indices (2015 = 100)";February;;126.619758
Nigeria;2017;"Consumer Prices, Food Indices (2015 = 100)";March;;129.402851
Nigeria;2017;"Consumer Prices, Food Indices (2015 = 100)";April;;132.03747
Nigeria;2017;"Consumer Prices, Food Indices (2015 = 100)";May;;135.3695
Nigeria;2017;"Consumer Prices, Food Indices (2015 = 100)";June;;138.071055
Nigeria;2017;"Consumer Prices, Food Indices (2015 = 100)";July;;140.167238
Nigeria;2017;"Consumer Prices, Food Indices (2015 = 100)";August;;141.767369
Nigeria;2017;"Consumer Prices, Food Indices (2015 = 100)";September;;142.99593
Nigeria;2017;"Consumer Prices, Food Indices (2015 = 100)";October;;144.205402
Nigeria;2017;"Consumer Prices, Food Indices (2015 = 100)";November;;145.474245
Nigeria;2017;"Consumer Prices, Food Indices (2015 = 100)";December;;146.32575
Nigeria;2018;"Consumer Prices, Food Indices (2015 = 100)";January;;147.602112
Nigeria;2018;"Consumer Prices, Food Indices (2015 = 100)";February;;148.852687
Nigeria;2018;"Consumer Prices, Food Indices (2015 = 100)";March;;150.187956
Nigeria;2018;"Consumer Prices, Food Indices (2015 = 100)";April;;151.557759
Nigeria;2018;"Consumer Prices, Food Indices (2015 = 100)";May;;153.56077
Nigeria;2018;"Consumer Prices, Food Indices (2015 = 100)";June;;155.958141
Nigeria;2018;"Consumer Prices, Food Indices (2015 = 100)";July;;158.137693
Nigeria;2018;"Consumer Prices, Food Indices (2015 = 100)";August;;160.370273
Nigeria;2018;"Consumer Prices, Food Indices (2015 = 100)";September;;161.969113
Nigeria;2018;"Consumer Prices, Food Indices (2015 = 100)";October;;163.291351
Nigeria;2018;"Consumer Prices, Food Indices (2015 = 100)";November;;164.762025
Nigeria;2018;"Consumer Prices, Food Indices (2015 = 100)";December;;166.099407
Nigeria;2019;"Consumer Prices, Food Indices (2015 = 100)";January;;167.469026
Nigeria;2019;"Consumer Prices, Food Indices (2015 = 100)";February;;168.837276
Nigeria;2019;"Consumer Prices, Food Indices (2015 = 100)";March;;170.315596
Nigeria;2019;"Consumer Prices, Food Indices (2015 = 100)";April;;172.23991
Nigeria;2019;"Consumer Prices, Food Indices (2015 = 100)";May;;174.652304
Nigeria;2019;"Consumer Prices, Food Indices (2015 = 100)";June;;177.01244
Nigeria;2019;"Consumer Prices, Food Indices (2015 = 100)";July;;179.221583
Nigeria;2019;"Consumer Prices, Food Indices (2015 = 100)";August;;181.399433
Nigeria;2019;"Consumer Prices, Food Indices (2015 = 100)";September;;183.743725
Nigeria;2019;"Consumer Prices, Food Indices (2015 = 100)";October;;186.177531
Nigeria;2019;"Consumer Prices, Food Indices (2015 = 100)";November;;188.493032
Nigeria;2019;"Consumer Prices, Food Indices (2015 = 100)";December;;190.323452
Nigeria;2020;"Consumer Prices, Food Indices (2015 = 100)";January;;192.195706
Nigeria;2020;"Consumer Prices, Food Indices (2015 = 100)";February;;193.860387
Nigeria;2020;"Consumer Prices, Food Indices (2015 = 100)";March;;195.681072
Nigeria;2020;"Consumer Prices, Food Indices (2015 = 100)";April;;197.979997
Nigeria;2020;"Consumer Prices, Food Indices (2015 = 100)";May;;200.773991
Nigeria;2020;"Consumer Prices, Food Indices (2015 = 100)";June;;203.737183
Nigeria;2020;"Consumer Prices, Food Indices (2015 = 100)";July;;206.827358
Nigeria;2020;"Consumer Prices, Food Indices (2015 = 100)";August;;210.269129
Nigeria;2020;"Consumer Prices, Food Indices (2015 = 100)";September;;214.199163
Nigeria;2020;"Consumer Prices, Food Indices (2015 = 100)";October;;218.364534
Nigeria;2020;"Consumer Prices, Food Indices (2015 = 100)";November;;222.799359
Nigeria;2020;"Consumer Prices, Food Indices (2015 = 100)";December;;227.344998
Nigeria;2021;"Consumer Prices, Food Indices (2015 = 100)";January;;231.494116
Nigeria;2021;"Consumer Prices, Food Indices (2015 = 100)";February;;235.84005
Nigeria;2021;"Consumer Prices, Food Indices (2015 = 100)";March;;240.309286
Nigeria;2021;"Consumer Prices, Food Indices (2015 = 100)";April;;242.694923
Nigeria;2021;"Consumer Prices, Food Indices (2015 = 100)";May;;245.250519
Nigeria;2021;"Consumer Prices, Food Indices (2015 = 100)";June;;247.972218
Nigeria;2021;"Consumer Prices, Food Indices (2015 = 100)";July;;250.109674
Nigeria;2021;"Consumer Prices, Food Indices (2015 = 100)";August;;252.75866
Nigeria;2021;"Consumer Prices, Food Indices (2015 = 100)";September;;255.92669
Nigeria;2021;"Consumer Prices, Food Indices (2015 = 100)";October;;258.257287
Nigeria;2021;"Consumer Prices, Food Indices (2015 = 100)";November;;261.01787
Nigeria;2021;"Consumer Prices, Food Indices (2015 = 100)";December;;266.712454
Nigeria;2022;"Consumer Prices, Food Indices (2015 = 100)";January;;271.030155
Nigeria;2022;"Consumer Prices, Food Indices (2015 = 100)";February;;276.088277
Nigeria;2022;"Consumer Prices, Food Indices (2015 = 100)";March;;281.550865
Nigeria;2022;"Consumer Prices, Food Indices (2015 = 100)";April;;287.155504
Nigeria;2022;"Consumer Prices, Food Indices (2015 = 100)";May;;292.921707
Nigeria;2022;"Consumer Prices, Food Indices (2015 = 100)";June;;298.901825
Nigeria;2022;"Consumer Prices, Food Indices (2015 = 100)";July;;304.989073
Nigeria;2022;"Consumer Prices, Food Indices (2015 = 100)";August;;310.999461
Nigeria;2022;"Consumer Prices, Food Indices (2015 = 100)";September;;315.455041
Nigeria;2022;"Consumer Prices, Food Indices (2015 = 100)";October;;319.304618
Nigeria;2022;"Consumer Prices, Food Indices (2015 = 100)";November;;323.74574
Nigeria;2022;"Consumer Prices, Food Indices (2015 = 100)";December;;329.813056
Nigeria;2023;"Consumer Prices, Food Indices (2015 = 100)";January;;336.636887
Nigeria;2023;"Consumer Prices, Food Indices (2015 = 100)";February;;342.999307
Nigeria;2023;"Consumer Prices, Food Indices (2015 = 100)";March;;350.034125
Nigeria;2023;"Consumer Prices, Food Indices (2015 = 100)";April;;357.433216
Nigeria;2023;"Consumer Prices, Food Indices (2015 = 100)";May;;365.208124
Nigeria;2023;"Consumer Prices, Food Indices (2015 = 100)";June;;373.898578
Nigeria;2023;"Consumer Prices, Food Indices (2015 = 100)";July;;386.754872
Nigeria;2023;"Consumer Prices, Food Indices (2015 = 100)";August;;401.641449
Nigeria;2023;"Consumer Prices, Food Indices (2015 = 100)";September;;411.429007
Nigeria;2023;"Consumer Prices, Food Indices (2015 = 100)";October;;419.2876
Nigeria;2023;"Consumer Prices, Food Indices (2015 = 100)";November;;429.395536
Nigeria;2023;"Consumer Prices, Food Indices (2015 = 100)";December;;441.019307
Nigeria;2024;"Consumer Prices, Food Indices (2015 = 100)";January;;455.115158
Nigeria;2024;"Consumer Prices, Food Indices (2015 = 100)";February;;472.327048
Nigeria;2024;"Consumer Prices, Food Indices (2015 = 100)";March;;489.345524
Nigeria;2024;"Consumer Prices, Food Indices (2015 = 100)";April;;501.629111
Nigeria;2024;"Consumer Prices, Food Indices (2015 = 100)";May;;513.116163
Nigeria;2024;"Consumer Prices, Food Indices (2015 = 100)";June;;526.183446
Nigeria;2024;"Consumer Prices, Food Indices (2015 = 100)";July;;539.194405
Nigeria;2024;"Consumer Prices, Food Indices (2015 = 100)";August;;552.016473
Nigeria;2024;"Consumer Prices, Food Indices (2015 = 100)";September;;566.585974
Nigeria;2024;"Consumer Prices, Food Indices (2015 = 100)";October;;583.221698
Nigeria;2024;"Consumer Prices, Food Indices (2015 = 100)";November;;600.588106
Nigeria;2024;"Consumer Prices, Food Indices (2015 = 100)";December;;616.527938
Nigeria;2025;"Consumer Prices, Food Indices (2015 = 100)";January;;588.855323
Nigeria;2025;"Consumer Prices, Food Indices (2015 = 100)";February;;601.100958
Nigeria;2025;"Consumer Prices, Food Indices (2015 = 100)";March;;614.411431
Nigeria;2025;"Consumer Prices, Food Indices (2015 = 100)";April;;613.879012
Nigeria;2025;"Consumer Prices, Food Indices (2015 = 100)";May;;624.527391
Nigeria;2025;"Consumer Prices, Food Indices (2015 = 100)";June;;643.162053
Nigeria;2025;"Consumer Prices, Food Indices (2015 = 100)";July;;667.120904
Nigeria;2025;"Consumer Prices, Food Indices (2015 = 100)";August;;671.380255
Nigeria;2025;"Consumer Prices, Food Indices (2015 = 100)";September;;671.912674
Nigeria;2025;"Consumer Prices, Food Indices (2015 = 100)";October;;670.322115
Nigeria;2025;"Consumer Prices, Food Indices (2015 = 100)";November;;675.752843
Nigeria;2025;"Consumer Prices, Food Indices (2015 = 100)";December;;683.260024
Nigeria;2015;Food price inflation;January;%;9.182512
Nigeria;2015;Food price inflation;February;%;9.329143
Nigeria;2015;Food price inflation;March;%;9.345427
Nigeria;2015;Food price inflation;April;%;9.457122
Nigeria;2015;Food price inflation;May;%;9.748664
Nigeria;2015;Food price inflation;June;%;10.002568
Nigeria;2015;Food price inflation;July;%;10.013537
Nigeria;2015;Food price inflation;August;%;10.097531
Nigeria;2015;Food price inflation;September;%;10.144243
Nigeria;2015;Food price inflation;October;%;10.095751
Nigeria;2015;Food price inflation;November;%;10.276148
Nigeria;2015;Food price inflation;December;%;10.543086
Nigeria;2016;Food price inflation;January;%;10.595766
Nigeria;2016;Food price inflation;February;%;11.283963
Nigeria;2016;Food price inflation;March;%;12.653493
Nigeria;2016;Food price inflation;April;%;13.09927
Nigeria;2016;Food price inflation;May;%;14.752618
Nigeria;2016;Food price inflation;June;%;15.18763
Nigeria;2016;Food price inflation;July;%;15.676498
Nigeria;2016;Food price inflation;August;%;16.289507
Nigeria;2016;Food price inflation;September;%;16.477788
Nigeria;2016;Food price inflation;October;%;16.940686
Nigeria;2016;Food price inflation;November;%;17.04789
Nigeria;2016;Food price inflation;December;%;17.23789
Nigeria;2017;Food price inflation;January;%;17.663557
Nigeria;2017;Food price inflation;February;%;18.380747
Nigeria;2017;Food price inflation;March;%;18.308892
Nigeria;2017;Food price inflation;April;%;19.178022
Nigeria;2017;Food price inflation;May;%;19.145317
Nigeria;2017;Food price inflation;June;%;19.809307
Nigeria;2017;Food price inflation;July;%;20.190327
Nigeria;2017;Food price inflation;August;%;20.168826
Nigeria;2017;Food price inflation;September;%;20.246348
Nigeria;2017;Food price inflation;October;%;20.238638
Nigeria;2017;Food price inflation;November;%;20.244193
Nigeria;2017;Food price inflation;December;%;19.364836
Nigeria;2018;Food price inflation;January;%;18.878005
Nigeria;2018;Food price inflation;February;%;17.558814
Nigeria;2018;Food price inflation;March;%;16.062324
Nigeria;2018;Food price inflation;April;%;14.783901
Nigeria;2018;Food price inflation;May;%;13.438234
Nigeria;2018;Food price inflation;June;%;12.954986
Nigeria;2018;Food price inflation;July;%;12.820724
Nigeria;2018;Food price inflation;August;%;13.122134
Nigeria;2018;Food price inflation;September;%;13.268338
Nigeria;2018;Food price inflation;October;%;13.235252
Nigeria;2018;Food price inflation;November;%;13.258553
Nigeria;2018;Food price inflation;December;%;13.51345
Nigeria;2019;Food price inflation;January;%;13.459776
Nigeria;2019;Food price inflation;February;%;13.42575
Nigeria;2019;Food price inflation;March;%;13.401634
Nigeria;2019;Food price inflation;April;%;13.646383
Nigeria;2019;Food price inflation;May;%;13.734976
Nigeria;2019;Food price inflation;June;%;13.499968
Nigeria;2019;Food price inflation;July;%;13.332615
Nigeria;2019;Food price inflation;August;%;13.112879
Nigeria;2019;Food price inflation;September;%;13.443682
Nigeria;2019;Food price inflation;October;%;14.01555
Nigeria;2019;Food price inflation;November;%;14.403202
Nigeria;2019;Food price inflation;December;%;14.584065
Nigeria;2020;Food price inflation;January;%;14.764927
Nigeria;2020;Food price inflation;February;%;14.820845
Nigeria;2020;Food price inflation;March;%;14.89322
Nigeria;2020;Food price inflation;April;%;14.944322
Nigeria;2020;Food price inflation;May;%;14.956394
Nigeria;2020;Food price inflation;June;%;15.097664
Nigeria;2020;Food price inflation;July;%;15.403153
Nigeria;2020;Food price inflation;August;%;15.914987
Nigeria;2020;Food price inflation;September;%;16.574954
Nigeria;2020;Food price inflation;October;%;17.288339
Nigeria;2020;Food price inflation;November;%;18.200316
Nigeria;2020;Food price inflation;December;%;19.45191
Nigeria;2021;Food price inflation;January;%;20.44708
Nigeria;2021;Food price inflation;February;%;21.654585
Nigeria;2021;Food price inflation;March;%;22.806608
Nigeria;2021;Food price inflation;April;%;22.585578
Nigeria;2021;Food price inflation;May;%;22.152535
Nigeria;2021;Food price inflation;June;%;21.711812
Nigeria;2021;Food price inflation;July;%;20.926785
Nigeria;2021;Food price inflation;August;%;20.207213
Nigeria;2021;Food price inflation;September;%;19.480714
Nigeria;2021;Food price inflation;October;%;18.268879
Nigeria;2021;Food price inflation;November;%;17.153779
Nigeria;2021;Food price inflation;December;%;17.316174
Nigeria;2022;Food price inflation;January;%;17.078637
Nigeria;2022;Food price inflation;February;%;17.0659
Nigeria;2022;Food price inflation;March;%;17.161875
Nigeria;2022;Food price inflation;April;%;18.319535
Nigeria;2022;Food price inflation;May;%;19.437752
Nigeria;2022;Food price inflation;June;%;20.538433
Nigeria;2022;Food price inflation;July;%;21.942133
Nigeria;2022;Food price inflation;August;%;23.04206
Nigeria;2022;Food price inflation;September;%;23.259923
Nigeria;2022;Food price inflation;October;%;23.638183
Nigeria;2022;Food price inflation;November;%;24.032021
Nigeria;2022;Food price inflation;December;%;23.658663
Nigeria;2023;Food price inflation;January;%;24.206433
Nigeria;2023;Food price inflation;February;%;24.235375
Nigeria;2023;Food price inflation;March;%;24.323583
Nigeria;2023;Food price inflation;April;%;24.473747
Nigeria;2023;Food price inflation;May;%;24.677726
Nigeria;2023;Food price inflation;June;%;25.090764
Nigeria;2023;Food price inflation;July;%;26.809419
Nigeria;2023;Food price inflation;August;%;29.145384
Nigeria;2023;Food price inflation;September;%;30.423976
Nigeria;2023;Food price inflation;October;%;31.312727
Nigeria;2023;Food price inflation;November;%;32.633571
Nigeria;2023;Food price inflation;December;%;33.717965
Nigeria;2024;Food price inflation;January;%;35.194679
Nigeria;2024;Food price inflation;February;%;37.704957
Nigeria;2024;Food price inflation;March;%;39.799376
Nigeria;2024;Food price inflation;April;%;40.342052
Nigeria;2024;Food price inflation;May;%;40.499657
Nigeria;2024;Food price inflation;June;%;40.728924
Nigeria;2024;Food price inflation;July;%;39.415026
Nigeria;2024;Food price inflation;August;%;37.440116
Nigeria;2024;Food price inflation;September;%;37.711723
Nigeria;2024;Food price inflation;October;%;39.098246
Nigeria;2024;Food price inflation;November;%;39.868269
Nigeria;2024;Food price inflation;December;%;39.796133
Nigeria;2025;Food price inflation;January;%;29.386005
Nigeria;2025;Food price inflation;February;%;27.263717
Nigeria;2025;Food price inflation;March;%;25.557791
Nigeria;2025;Food price inflation;April;%;22.377071
Nigeria;2025;Food price inflation;May;%;21.712672
Nigeria;2025;Food price inflation;June;%;22.231525
Nigeria;2025;Food price inflation;July;%;23.725487
Nigeria;2025;Food price inflation;August;%;21.623228
Nigeria;2025;Food price inflation;September;%;18.589712
Nigeria;2025;Food price inflation;October;%;14.934358
Nigeria;2025;Food price inflation;November;%;12.515189
Nigeria;2025;Food price inflation;December;%;10.823854
United States of America;2015;"Consumer Prices, Food Indices (2015 = 100)";January;;100.370178
United States of America;2015;"Consumer Prices, Food Indices (2015 = 100)";February;;100.277543
United States of America;2015;"Consumer Prices, Food Indices (2015 = 100)";March;;99.728486
United States of America;2015;"Consumer Prices, Food Indices (2015 = 100)";April;;99.607868
United States of America;2015;"Consumer Prices, Food Indices (2015 = 100)";May;;99.489179
United States of America;2015;"Consumer Prices, Food Indices (2015 = 100)";June;;99.687959
United States of America;2015;"Consumer Prices, Food Indices (2015 = 100)";July;;99.891563
United States of America;2015;"Consumer Prices, Food Indices (2015 = 100)";August;;100.211926
United States of America;2015;"Consumer Prices, Food Indices (2015 = 100)";September;;100.494656
United States of America;2015;"Consumer Prices, Food Indices (2015 = 100)";October;;100.631679
United States of America;2015;"Consumer Prices, Food Indices (2015 = 100)";November;;99.989988
United States of America;2015;"Consumer Prices, Food Indices (2015 = 100)";December;;99.627167
United States of America;2016;"Consumer Prices, Food Indices (2015 = 100)";January;;99.908932
United States of America;2016;"Consumer Prices, Food Indices (2015 = 100)";February;;99.927266
United States of America;2016;"Consumer Prices, Food Indices (2015 = 100)";March;;99.204519
United States of America;2016;"Consumer Prices, Food Indices (2015 = 100)";April;;99.325138
United States of America;2016;"Consumer Prices, Food Indices (2015 = 100)";May;;98.79538
United States of America;2016;"Consumer Prices, Food Indices (2015 = 100)";June;;98.406506
United States of America;2016;"Consumer Prices, Food Indices (2015 = 100)";July;;98.313871
United States of America;2016;"Consumer Prices, Food Indices (2015 = 100)";August;;98.271413
United States of America;2016;"Consumer Prices, Food Indices (2015 = 100)";September;;98.284922
United States of America;2016;"Consumer Prices, Food Indices (2015 = 100)";October;;98.294572
United States of America;2016;"Consumer Prices, Food Indices (2015 = 100)";November;;97.784113
United States of America;2016;"Consumer Prices, Food Indices (2015 = 100)";December;;97.587264
United States of America;2017;"Consumer Prices, Food Indices (2015 = 100)";January;;97.970349
United States of America;2017;"Consumer Prices, Food Indices (2015 = 100)";February;;98.198077
United States of America;2017;"Consumer Prices, Food Indices (2015 = 100)";March;;98.336064
United States of America;2017;"Consumer Prices, Food Indices (2015 = 100)";April;;98.565722
United States of America;2017;"Consumer Prices, Food Indices (2015 = 100)";May;;98.628444
United States of America;2017;"Consumer Prices, Food Indices (2015 = 100)";June;;98.354399
United States of America;2017;"Consumer Prices, Food Indices (2015 = 100)";July;;98.625549
United States of America;2017;"Consumer Prices, Food Indices (2015 = 100)";August;;98.588881
United States of America;2017;"Consumer Prices, Food Indices (2015 = 100)";September;;98.702745
United States of America;2017;"Consumer Prices, Food Indices (2015 = 100)";October;;98.877401
United States of America;2017;"Consumer Prices, Food Indices (2015 = 100)";November;;98.395891
United States of America;2017;"Consumer Prices, Food Indices (2015 = 100)";December;;98.466333
United States of America;2018;"Consumer Prices, Food Indices (2015 = 100)";January;;98.998985
United States of America;2018;"Consumer Prices, Food Indices (2015 = 100)";February;;98.725904
United States of America;2018;"Consumer Prices, Food Indices (2015 = 100)";March;;98.714325
United States of America;2018;"Consumer Prices, Food Indices (2015 = 100)";April;;99.113814
United States of America;2018;"Consumer Prices, Food Indices (2015 = 100)";May;;98.771257
United States of America;2018;"Consumer Prices, Food Indices (2015 = 100)";June;;98.718184
United States of America;2018;"Consumer Prices, Food Indices (2015 = 100)";July;;98.98837
United States of America;2018;"Consumer Prices, Food Indices (2015 = 100)";August;;99.074251
United States of America;2018;"Consumer Prices, Food Indices (2015 = 100)";September;;99.122498
United States of America;2018;"Consumer Prices, Food Indices (2015 = 100)";October;;99.022144
United States of America;2018;"Consumer Prices, Food Indices (2015 = 100)";November;;98.790556
United States of America;2018;"Consumer Prices, Food Indices (2015 = 100)";December;;99.053022
United States of America;2019;"Consumer Prices, Food Indices (2015 = 100)";January;;99.644536
United States of America;2019;"Consumer Prices, Food Indices (2015 = 100)";February;;99.924371
United States of America;2019;"Consumer Prices, Food Indices (2015 = 100)";March;;100.12894
United States of America;2019;"Consumer Prices, Food Indices (2015 = 100)";April;;99.839456
United States of America;2019;"Consumer Prices, Food Indices (2015 = 100)";May;;99.960074
United States of America;2019;"Consumer Prices, Food Indices (2015 = 100)";June;;99.646466
United States of America;2019;"Consumer Prices, Food Indices (2015 = 100)";July;;99.631027
United States of America;2019;"Consumer Prices, Food Indices (2015 = 100)";August;;99.545146
United States of America;2019;"Consumer Prices, Food Indices (2015 = 100)";September;;99.705328
United States of America;2019;"Consumer Prices, Food Indices (2015 = 100)";October;;100.036305
United States of America;2019;"Consumer Prices, Food Indices (2015 = 100)";November;;99.770944
United States of America;2019;"Consumer Prices, Food Indices (2015 = 100)";December;;99.768049
United States of America;2020;"Consumer Prices, Food Indices (2015 = 100)";January;;100.360528
United States of America;2020;"Consumer Prices, Food Indices (2015 = 100)";February;;100.742648
United States of America;2020;"Consumer Prices, Food Indices (2015 = 100)";March;;101.202929
United States of America;2020;"Consumer Prices, Food Indices (2015 = 100)";April;;103.904788
United States of America;2020;"Consumer Prices, Food Indices (2015 = 100)";May;;104.786751
United States of America;2020;"Consumer Prices, Food Indices (2015 = 100)";June;;105.294315
United States of America;2020;"Consumer Prices, Food Indices (2015 = 100)";July;;104.256994
United States of America;2020;"Consumer Prices, Food Indices (2015 = 100)";August;;104.169184
United States of America;2020;"Consumer Prices, Food Indices (2015 = 100)";September;;103.773554
United States of America;2020;"Consumer Prices, Food Indices (2015 = 100)";October;;104.006107
United States of America;2020;"Consumer Prices, Food Indices (2015 = 100)";November;;103.372135
United States of America;2020;"Consumer Prices, Food Indices (2015 = 100)";December;;103.706973
United States of America;2021;"Consumer Prices, Food Indices (2015 = 100)";January;;104.070759
United States of America;2021;"Consumer Prices, Food Indices (2015 = 100)";February;;104.324541
United States of America;2021;"Consumer Prices, Food Indices (2015 = 100)";March;;104.536829
United States of America;2021;"Consumer Prices, Food Indices (2015 = 100)";April;;105.175626
United States of America;2021;"Consumer Prices, Food Indices (2015 = 100)";May;;105.496954
United States of America;2021;"Consumer Prices, Food Indices (2015 = 100)";June;;106.279528
United States of America;2021;"Consumer Prices, Food Indices (2015 = 100)";July;;106.935694
United States of America;2021;"Consumer Prices, Food Indices (2015 = 100)";August;;107.274391
United States of America;2021;"Consumer Prices, Food Indices (2015 = 100)";September;;108.460314
United States of America;2021;"Consumer Prices, Food Indices (2015 = 100)";October;;109.603779
United States of America;2021;"Consumer Prices, Food Indices (2015 = 100)";November;;109.973354
United States of America;2021;"Consumer Prices, Food Indices (2015 = 100)";December;;110.448109
United States of America;2022;"Consumer Prices, Food Indices (2015 = 100)";January;;111.717983
United States of America;2022;"Consumer Prices, Food Indices (2015 = 100)";February;;113.324624
United States of America;2022;"Consumer Prices, Food Indices (2015 = 100)";March;;115.009425
United States of America;2022;"Consumer Prices, Food Indices (2015 = 100)";April;;116.582293
United States of America;2022;"Consumer Prices, Food Indices (2015 = 100)";May;;118.175424
United States of America;2022;"Consumer Prices, Food Indices (2015 = 100)";June;;119.280291
United States of America;2022;"Consumer Prices, Food Indices (2015 = 100)";July;;120.996936
United States of America;2022;"Consumer Prices, Food Indices (2015 = 100)";August;;121.792055
United States of America;2022;"Consumer Prices, Food Indices (2015 = 100)";September;;122.481029
United States of America;2022;"Consumer Prices, Food Indices (2015 = 100)";October;;123.237549
United States of America;2022;"Consumer Prices, Food Indices (2015 = 100)";November;;123.12272
United States of America;2022;"Consumer Prices, Food Indices (2015 = 100)";December;;123.572386
United States of America;2023;"Consumer Prices, Food Indices (2015 = 100)";January;;124.406103
United States of America;2023;"Consumer Prices, Food Indices (2015 = 100)";February;;124.826821
United States of America;2023;"Consumer Prices, Food Indices (2015 = 100)";March;;124.584618
United States of America;2023;"Consumer Prices, Food Indices (2015 = 100)";April;;124.754449
United States of America;2023;"Consumer Prices, Food Indices (2015 = 100)";May;;124.849014
United States of America;2023;"Consumer Prices, Food Indices (2015 = 100)";June;;124.7448
United States of America;2023;"Consumer Prices, Food Indices (2015 = 100)";July;;125.21473
United States of America;2023;"Consumer Prices, Food Indices (2015 = 100)";August;;125.31605
United States of America;2023;"Consumer Prices, Food Indices (2015 = 100)";September;;125.392281
United States of America;2023;"Consumer Prices, Food Indices (2015 = 100)";October;;125.761857
United States of America;2023;"Consumer Prices, Food Indices (2015 = 100)";November;;125.097006
United States of America;2023;"Consumer Prices, Food Indices (2015 = 100)";December;;125.013056
United States of America;2024;"Consumer Prices, Food Indices (2015 = 100)";January;;125.884405
United States of America;2024;"Consumer Prices, Food Indices (2015 = 100)";February;;126.033007
United States of America;2024;"Consumer Prices, Food Indices (2015 = 100)";March;;126.022393
United States of America;2024;"Consumer Prices, Food Indices (2015 = 100)";April;;126.159416
United States of America;2024;"Consumer Prices, Food Indices (2015 = 100)";May;;126.130467
United States of America;2024;"Consumer Prices, Food Indices (2015 = 100)";June;;126.109238
United States of America;2024;"Consumer Prices, Food Indices (2015 = 100)";July;;126.448901
United States of America;2024;"Consumer Prices, Food Indices (2015 = 100)";August;;126.339861
United States of America;2024;"Consumer Prices, Food Indices (2015 = 100)";September;;126.859004
United States of America;2024;"Consumer Prices, Food Indices (2015 = 100)";October;;127.044274
United States of America;2024;"Consumer Prices, Food Indices (2015 = 100)";November;;127.048134
United States of America;2024;"Consumer Prices, Food Indices (2015 = 100)";December;;127.373322
United States of America;2025;"Consumer Prices, Food Indices (2015 = 100)";January;;128.429073
United States of America;2025;"Consumer Prices, Food Indices (2015 = 100)";February;;128.572754
United States of America;2025;"Consumer Prices, Food Indices (2015 = 100)";March;;129.205182
United States of America;2025;"Consumer Prices, Food Indices (2015 = 100)";April;;128.802412
United States of America;2025;"Consumer Prices, Food Indices (2015 = 100)";May;;129.071344
United States of America;2025;"Consumer Prices, Food Indices (2015 = 100)";June;;129.293089
United States of America;2025;"Consumer Prices, Food Indices (2015 = 100)";July;;129.390163
United States of America;2025;"Consumer Prices, Food Indices (2015 = 100)";August;;129.945684
United States of America;2025;"Consumer Prices, Food Indices (2015 = 100)";September;;130.53797
United States of America;2025;"Consumer Prices, Food Indices (2015 = 100)";October;;130.106783
United States of America;2025;"Consumer Prices, Food Indices (2015 = 100)";November;;129.675595
United States of America;2025;"Consumer Prices, Food Indices (2015 = 100)";December;;130.381841
United States of America;2015;Food price inflation;January;%;3.320652
United States of America;2015;Food price inflation;February;%;2.896183
United States of America;2015;Food price inflation;March;%;1.952216
United States of America;2015;Food price inflation;April;%;1.346031
United States of America;2015;Food price inflation;May;%;0.625598
United States of America;2015;Food price inflation;June;%;0.98434
United States of America;2015;Food price inflation;July;%;0.908488
United States of America;2015;Food price inflation;August;%;0.839912
United States of America;2015;Food price inflation;September;%;0.762406
United States of America;2015;Food price inflation;October;%;0.674789
United States of America;2015;Food price inflation;November;%;0.269004
United States of America;2015;Food price inflation;December;%;-0.457
United States of America;2016;Food price inflation;January;%;-0.459545
United States of America;2016;Food price inflation;February;%;-0.349307
United States of America;2016;Food price inflation;March;%;-0.525394
United States of America;2016;Food price inflation;April;%;-0.283843
United States of America;2016;Food price inflation;May;%;-0.697361
United States of America;2016;Food price inflation;June;%;-1.285464
United States of America;2016;Food price inflation;July;%;-1.579405
United States of America;2016;Food price inflation;August;%;-1.93641
United States of America;2016;Food price inflation;September;%;-2.198857
United States of America;2016;Food price inflation;October;%;-2.322437
United States of America;2016;Food price inflation;November;%;-2.206095
United States of America;2016;Food price inflation;December;%;-2.047537
United States of America;2017;Food price inflation;January;%;-1.94035
United States of America;2017;Food price inflation;February;%;-1.730448
United States of America;2017;Food price inflation;March;%;-0.875418
United States of America;2017;Food price inflation;April;%;-0.764575
United States of America;2017;Food price inflation;May;%;-0.168972
United States of America;2017;Food price inflation;June;%;-0.052951
United States of America;2017;Food price inflation;July;%;0.317024
United States of America;2017;Food price inflation;August;%;0.323053
United States of America;2017;Food price inflation;September;%;0.425114
United States of America;2017;Food price inflation;October;%;0.592942
United States of America;2017;Food price inflation;November;%;0.625641
United States of America;2017;Food price inflation;December;%;0.900803
United States of America;2018;Food price inflation;January;%;1.049946
United States of America;2018;Food price inflation;February;%;0.537513
United States of America;2018;Food price inflation;March;%;0.384661
United States of America;2018;Food price inflation;April;%;0.556067
United States of America;2018;Food price inflation;May;%;0.144799
United States of America;2018;Food price inflation;June;%;0.369873
United States of America;2018;Food price inflation;July;%;0.367877
United States of America;2018;Food price inflation;August;%;0.492317
United States of America;2018;Food price inflation;September;%;0.42527
United States of America;2018;Food price inflation;October;%;0.146386
United States of America;2018;Food price inflation;November;%;0.401098
United States of America;2018;Food price inflation;December;%;0.595827
United States of America;2019;Food price inflation;January;%;0.652079
United States of America;2019;Food price inflation;February;%;1.213934
United States of America;2019;Food price inflation;March;%;1.43304
United States of America;2019;Food price inflation;April;%;0.73213
United States of America;2019;Food price inflation;May;%;1.203607
United States of America;2019;Food price inflation;June;%;0.940335
United States of America;2019;Food price inflation;July;%;0.649224
United States of America;2019;Food price inflation;August;%;0.475295
United States of America;2019;Food price inflation;September;%;0.587989
United States of America;2019;Food price inflation;October;%;1.024177
United States of America;2019;Food price inflation;November;%;0.992391
United States of America;2019;Food price inflation;December;%;0.721863
United States of America;2020;Food price inflation;January;%;0.718547
United States of America;2020;Food price inflation;February;%;0.818896
United States of America;2020;Food price inflation;March;%;1.072606
United States of America;2020;Food price inflation;April;%;4.071869
United States of America;2020;Food price inflation;May;%;4.828605
United States of America;2020;Food price inflation;June;%;5.667887
United States of America;2020;Food price inflation;July;%;4.643099
United States of America;2020;Food price inflation;August;%;4.645166
United States of America;2020;Food price inflation;September;%;4.08025
United States of America;2020;Food price inflation;October;%;3.968361
United States of America;2020;Food price inflation;November;%;3.609459
United States of America;2020;Food price inflation;December;%;3.948081
United States of America;2021;Food price inflation;January;%;3.696902
United States of America;2021;Food price inflation;February;%;3.555487
United States of America;2021;Food price inflation;March;%;3.294272
United States of America;2021;Food price inflation;April;%;1.22308
United States of America;2021;Food price inflation;May;%;0.67776
United States of America;2021;Food price inflation;June;%;0.935676
United States of America;2021;Food price inflation;July;%;2.569324
United States of America;2021;Food price inflation;August;%;2.980927
United States of America;2021;Food price inflation;September;%;4.516333
United States of America;2021;Food price inflation;October;%;5.38206
United States of America;2021;Food price inflation;November;%;6.385878
United States of America;2021;Food price inflation;December;%;6.500177
United States of America;2022;Food price inflation;January;%;7.348101
United States of America;2022;Food price inflation;February;%;8.627005
United States of America;2022;Food price inflation;March;%;10.018092
United States of America;2022;Food price inflation;April;%;10.845352
United States of America;2022;Food price inflation;May;%;12.017854
United States of America;2022;Food price inflation;June;%;12.232613
United States of America;2022;Food price inflation;July;%;13.149251
United States of America;2022;Food price inflation;August;%;13.533206
United States of America;2022;Food price inflation;September;%;12.927046
United States of America;2022;Food price inflation;October;%;12.439142
United States of America;2022;Food price inflation;November;%;11.956865
United States of America;2022;Food price inflation;December;%;11.882754
United States of America;2023;Food price inflation;January;%;11.357276
United States of America;2023;Food price inflation;February;%;10.149777
United States of America;2023;Food price inflation;March;%;8.325572
United States of America;2023;Food price inflation;April;%;7.009775
United States of America;2023;Food price inflation;May;%;5.647189
United States of America;2023;Food price inflation;June;%;4.581233
United States of America;2023;Food price inflation;July;%;3.485868
United States of America;2023;Food price inflation;August;%;2.893452
United States of America;2023;Food price inflation;September;%;2.376901
United States of America;2023;Food price inflation;October;%;2.048327
United States of America;2023;Food price inflation;November;%;1.603511
United States of America;2023;Food price inflation;December;%;1.165851
United States of America;2024;Food price inflation;January;%;1.188288
United States of America;2024;Food price inflation;February;%;0.966288
United States of America;2024;Food price inflation;March;%;1.154055
United States of America;2024;Food price inflation;April;%;1.126185
United States of America;2024;Food price inflation;May;%;1.026402
United States of America;2024;Food price inflation;June;%;1.093784
United States of America;2024;Food price inflation;July;%;0.985643
United States of America;2024;Food price inflation;August;%;0.816983
United States of America;2024;Food price inflation;September;%;1.169708
United States of America;2024;Food price inflation;October;%;1.019719
United States of America;2024;Food price inflation;November;%;1.559692
United States of America;2024;Food price inflation;December;%;1.888016
United States of America;2025;Food price inflation;January;%;2.021432
United States of America;2025;Food price inflation;February;%;2.015144
United States of America;2025;Food price inflation;March;%;2.525574
United States of America;2025;Food price inflation;April;%;2.094966
United States of America;2025;Food price inflation;May;%;2.331615
United States of America;2025;Food price inflation;June;%;2.524677
United States of America;2025;Food price inflation;July;%;2.326048
United States of America;2025;Food price inflation;August;%;2.854066
United States of America;2025;Food price inflation;September;%;2.900043
United States of America;2025;Food price inflation;October;%;2.410583
United States of America;2025;Food price inflation;November;%;2.068083
United States of America;2025;Food price inflation;December;%;2.36197
Uzbekistan;2015;"Consumer Prices, Food Indices (2015 = 100)";January;;97.975084
Uzbekistan;2015;"Consumer Prices, Food Indices (2015 = 100)";February;;98.987988
Uzbekistan;2015;"Consumer Prices, Food Indices (2015 = 100)";March;;99.635407
Uzbekistan;2015;"Consumer Prices, Food Indices (2015 = 100)";April;;100.5219
Uzbekistan;2015;"Consumer Prices, Food Indices (2015 = 100)";May;;100.889949
Uzbekistan;2015;"Consumer Prices, Food Indices (2015 = 100)";June;;100.20477
Uzbekistan;2015;"Consumer Prices, Food Indices (2015 = 100)";July;;98.609876
Uzbekistan;2015;"Consumer Prices, Food Indices (2015 = 100)";August;;98.377937
Uzbekistan;2015;"Consumer Prices, Food Indices (2015 = 100)";September;;99.704475
Uzbekistan;2015;"Consumer Prices, Food Indices (2015 = 100)";October;;101.022755
Uzbekistan;2015;"Consumer Prices, Food Indices (2015 = 100)";November;;102.530687
Uzbekistan;2015;"Consumer Prices, Food Indices (2015 = 100)";December;;101.644835
Uzbekistan;2016;"Consumer Prices, Food Indices (2015 = 100)";January;;103.982666
Uzbekistan;2016;"Consumer Prices, Food Indices (2015 = 100)";February;;105.346717
Uzbekistan;2016;"Consumer Prices, Food Indices (2015 = 100)";March;;105.661498
Uzbekistan;2016;"Consumer Prices, Food Indices (2015 = 100)";April;;105.24179
Uzbekistan;2016;"Consumer Prices, Food Indices (2015 = 100)";May;;104.927009
Uzbekistan;2016;"Consumer Prices, Food Indices (2015 = 100)";June;;103.562958
Uzbekistan;2016;"Consumer Prices, Food Indices (2015 = 100)";July;;101.674272
Uzbekistan;2016;"Consumer Prices, Food Indices (2015 = 100)";August;;101.464418
Uzbekistan;2016;"Consumer Prices, Food Indices (2015 = 100)";September;;103.772812
Uzbekistan;2016;"Consumer Prices, Food Indices (2015 = 100)";October;;105.24179
Uzbekistan;2016;"Consumer Prices, Food Indices (2015 = 100)";November;;107.235404
Uzbekistan;2016;"Consumer Prices, Food Indices (2015 = 100)";December;;110.907849
Uzbekistan;2017;"Consumer Prices, Food Indices (2015 = 100)";January;;113.950732
Uzbekistan;2017;"Consumer Prices, Food Indices (2015 = 100)";February;;116.888688
Uzbekistan;2017;"Consumer Prices, Food Indices (2015 = 100)";March;;118.777375
Uzbekistan;2017;"Consumer Prices, Food Indices (2015 = 100)";April;;120.141426
Uzbekistan;2017;"Consumer Prices, Food Indices (2015 = 100)";May;;122.44982
Uzbekistan;2017;"Consumer Prices, Food Indices (2015 = 100)";June;;122.344893
Uzbekistan;2017;"Consumer Prices, Food Indices (2015 = 100)";July;;122.659674
Uzbekistan;2017;"Consumer Prices, Food Indices (2015 = 100)";August;;124.023725
Uzbekistan;2017;"Consumer Prices, Food Indices (2015 = 100)";September;;125.912411
Uzbekistan;2017;"Consumer Prices, Food Indices (2015 = 100)";October;;127.69617
Uzbekistan;2017;"Consumer Prices, Food Indices (2015 = 100)";November;;130.004565
Uzbekistan;2017;"Consumer Prices, Food Indices (2015 = 100)";December;;139.447995
Uzbekistan;2018;"Consumer Prices, Food Indices (2015 = 100)";January;;144.379565
Uzbekistan;2018;"Consumer Prices, Food Indices (2015 = 100)";February;;145.95347
Uzbekistan;2018;"Consumer Prices, Food Indices (2015 = 100)";March;;147.842156
Uzbekistan;2018;"Consumer Prices, Food Indices (2015 = 100)";April;;148.261864
Uzbekistan;2018;"Consumer Prices, Food Indices (2015 = 100)";May;;148.576645
Uzbekistan;2018;"Consumer Prices, Food Indices (2015 = 100)";June;;145.95347
Uzbekistan;2018;"Consumer Prices, Food Indices (2015 = 100)";July;;142.595806
Uzbekistan;2018;"Consumer Prices, Food Indices (2015 = 100)";August;;143.015514
Uzbekistan;2018;"Consumer Prices, Food Indices (2015 = 100)";September;;147.737229
Uzbekistan;2018;"Consumer Prices, Food Indices (2015 = 100)";October;;151.19982
Uzbekistan;2018;"Consumer Prices, Food Indices (2015 = 100)";November;;155.187047
Uzbekistan;2018;"Consumer Prices, Food Indices (2015 = 100)";December;;160.223543
Uzbekistan;2019;"Consumer Prices, Food Indices (2015 = 100)";January;;164.840332
Uzbekistan;2019;"Consumer Prices, Food Indices (2015 = 100)";February;;168.197996
Uzbekistan;2019;"Consumer Prices, Food Indices (2015 = 100)";March;;170.611317
Uzbekistan;2019;"Consumer Prices, Food Indices (2015 = 100)";April;;172.185222
Uzbekistan;2019;"Consumer Prices, Food Indices (2015 = 100)";May;;173.024638
Uzbekistan;2019;"Consumer Prices, Food Indices (2015 = 100)";June;;169.876828
Uzbekistan;2019;"Consumer Prices, Food Indices (2015 = 100)";July;;167.673361
Uzbekistan;2019;"Consumer Prices, Food Indices (2015 = 100)";August;;171.450733
Uzbekistan;2019;"Consumer Prices, Food Indices (2015 = 100)";September;;173.864054
Uzbekistan;2019;"Consumer Prices, Food Indices (2015 = 100)";October;;178.690697
Uzbekistan;2019;"Consumer Prices, Food Indices (2015 = 100)";November;;184.146901
Uzbekistan;2019;"Consumer Prices, Food Indices (2015 = 100)";December;;190.232668
Uzbekistan;2020;"Consumer Prices, Food Indices (2015 = 100)";January;;192.121354
Uzbekistan;2020;"Consumer Prices, Food Indices (2015 = 100)";February;;194.791841
Uzbekistan;2020;"Consumer Prices, Food Indices (2015 = 100)";March;;198.609761
Uzbekistan;2020;"Consumer Prices, Food Indices (2015 = 100)";April;;205.342632
Uzbekistan;2020;"Consumer Prices, Food Indices (2015 = 100)";May;;204.788207
Uzbekistan;2020;"Consumer Prices, Food Indices (2015 = 100)";June;;202.044045
Uzbekistan;2020;"Consumer Prices, Food Indices (2015 = 100)";July;;199.276041
Uzbekistan;2020;"Consumer Prices, Food Indices (2015 = 100)";August;;199.794159
Uzbekistan;2020;"Consumer Prices, Food Indices (2015 = 100)";September;;204.289528
Uzbekistan;2020;"Consumer Prices, Food Indices (2015 = 100)";October;;209.172047
Uzbekistan;2020;"Consumer Prices, Food Indices (2015 = 100)";November;;214.213094
Uzbekistan;2020;"Consumer Prices, Food Indices (2015 = 100)";December;;219.461315
Uzbekistan;2021;"Consumer Prices, Food Indices (2015 = 100)";January;;222.248473
Uzbekistan;2021;"Consumer Prices, Food Indices (2015 = 100)";February;;223.448615
Uzbekistan;2021;"Consumer Prices, Food Indices (2015 = 100)";March;;226.219378
Uzbekistan;2021;"Consumer Prices, Food Indices (2015 = 100)";April;;233.277422
Uzbekistan;2021;"Consumer Prices, Food Indices (2015 = 100)";May;;234.420482
Uzbekistan;2021;"Consumer Prices, Food Indices (2015 = 100)";June;;232.029393
Uzbekistan;2021;"Consumer Prices, Food Indices (2015 = 100)";July;;229.732302
Uzbekistan;2021;"Consumer Prices, Food Indices (2015 = 100)";August;;231.248535
Uzbekistan;2021;"Consumer Prices, Food Indices (2015 = 100)";September;;233.907893
Uzbekistan;2021;"Consumer Prices, Food Indices (2015 = 100)";October;;238.56266
Uzbekistan;2021;"Consumer Prices, Food Indices (2015 = 100)";November;;243.071495
Uzbekistan;2021;"Consumer Prices, Food Indices (2015 = 100)";December;;248.078767
Uzbekistan;2022;"Consumer Prices, Food Indices (2015 = 100)";January;;251.20456
Uzbekistan;2022;"Consumer Prices, Food Indices (2015 = 100)";February;;252.661546
Uzbekistan;2022;"Consumer Prices, Food Indices (2015 = 100)";March;;259.053883
Uzbekistan;2022;"Consumer Prices, Food Indices (2015 = 100)";April;;264.416299
Uzbekistan;2022;"Consumer Prices, Food Indices (2015 = 100)";May;;267.377761
Uzbekistan;2022;"Consumer Prices, Food Indices (2015 = 100)";June;;270.292179
Uzbekistan;2022;"Consumer Prices, Food Indices (2015 = 100)";July;;267.183819
Uzbekistan;2022;"Consumer Prices, Food Indices (2015 = 100)";August;;268.81364
Uzbekistan;2022;"Consumer Prices, Food Indices (2015 = 100)";September;;272.36198
Uzbekistan;2022;"Consumer Prices, Food Indices (2015 = 100)";October;;275.984395
Uzbekistan;2022;"Consumer Prices, Food Indices (2015 = 100)";November;;281.476484
Uzbekistan;2022;"Consumer Prices, Food Indices (2015 = 100)";December;;286.148994
Uzbekistan;2023;"Consumer Prices, Food Indices (2015 = 100)";January;;289.296633
Uzbekistan;2023;"Consumer Prices, Food Indices (2015 = 100)";February;;291.495287
Uzbekistan;2023;"Consumer Prices, Food Indices (2015 = 100)";March;;296.099338
Uzbekistan;2023;"Consumer Prices, Food Indices (2015 = 100)";April;;299.831784
Uzbekistan;2023;"Consumer Prices, Food Indices (2015 = 100)";May;;301.031111
Uzbekistan;2023;"Consumer Prices, Food Indices (2015 = 100)";June;;296.937088
Uzbekistan;2023;"Consumer Prices, Food Indices (2015 = 100)";July;;293.997411
Uzbekistan;2023;"Consumer Prices, Food Indices (2015 = 100)";August;;295.614397
Uzbekistan;2023;"Consumer Prices, Food Indices (2015 = 100)";September;;301.23107
Uzbekistan;2023;"Consumer Prices, Food Indices (2015 = 100)";October;;304.755474
Uzbekistan;2023;"Consumer Prices, Food Indices (2015 = 100)";November;;308.382064
Uzbekistan;2023;"Consumer Prices, Food Indices (2015 = 100)";December;;312.637736
Uzbekistan;2024;"Consumer Prices, Food Indices (2015 = 100)";January;;314.794937
Uzbekistan;2024;"Consumer Prices, Food Indices (2015 = 100)";February;;315.393047
Uzbekistan;2024;"Consumer Prices, Food Indices (2015 = 100)";March;;317.884652
Uzbekistan;2024;"Consumer Prices, Food Indices (2015 = 100)";April;;319.156191
Uzbekistan;2024;"Consumer Prices, Food Indices (2015 = 100)";May;;312.16667
Uzbekistan;2024;"Consumer Prices, Food Indices (2015 = 100)";June;;306.235503
Uzbekistan;2024;"Consumer Prices, Food Indices (2015 = 100)";July;;301.121371
Uzbekistan;2024;"Consumer Prices, Food Indices (2015 = 100)";August;;302.446305
Uzbekistan;2024;"Consumer Prices, Food Indices (2015 = 100)";September;;306.680553
Uzbekistan;2024;"Consumer Prices, Food Indices (2015 = 100)";October;;309.870031
Uzbekistan;2024;"Consumer Prices, Food Indices (2015 = 100)";November;;313.030705
Uzbekistan;2024;"Consumer Prices, Food Indices (2015 = 100)";December;;318.759167
Uzbekistan;2025;"Consumer Prices, Food Indices (2015 = 100)";January;;321.404868
Uzbekistan;2025;"Consumer Prices, Food Indices (2015 = 100)";February;;323.236876
Uzbekistan;2025;"Consumer Prices, Food Indices (2015 = 100)";March;;328.020781
Uzbekistan;2025;"Consumer Prices, Food Indices (2015 = 100)";April;;330.448135
Uzbekistan;2025;"Consumer Prices, Food Indices (2015 = 100)";May;;327.507147
Uzbekistan;2025;"Consumer Prices, Food Indices (2015 = 100)";June;;323.675313
Uzbekistan;2025;"Consumer Prices, Food Indices (2015 = 100)";July;;320.05015
Uzbekistan;2025;"Consumer Prices, Food Indices (2015 = 100)";August;;322.002456
Uzbekistan;2025;"Consumer Prices, Food Indices (2015 = 100)";September;;324.868277
Uzbekistan;2025;"Consumer Prices, Food Indices (2015 = 100)";October;;324.71951
Uzbekistan;2025;"Consumer Prices, Food Indices (2015 = 100)";November;;324.759889
Uzbekistan;2025;"Consumer Prices, Food Indices (2015 = 100)";December;;324.814693
Uzbekistan;2015;Food price inflation;January;%;7.832642
Uzbekistan;2015;Food price inflation;February;%;7.623241
Uzbekistan;2015;Food price inflation;March;%;7.455506
Uzbekistan;2015;Food price inflation;April;%;7.24661
Uzbekistan;2015;Food price inflation;May;%;7.316544
Uzbekistan;2015;Food price inflation;June;%;7.203845
Uzbekistan;2015;Food price inflation;July;%;7.062157
Uzbekistan;2015;Food price inflation;August;%;6.922128
Uzbekistan;2015;Food price inflation;September;%;6.963641
Uzbekistan;2015;Food price inflation;October;%;7.005179
Uzbekistan;2015;Food price inflation;November;%;7.240724
Uzbekistan;2015;Food price inflation;December;%;4.886129
Uzbekistan;2016;Food price inflation;January;%;6.131745
Uzbekistan;2016;Food price inflation;February;%;6.423738
Uzbekistan;2016;Food price inflation;March;%;6.048142
Uzbekistan;2016;Food price inflation;April;%;4.695385
Uzbekistan;2016;Food price inflation;May;%;4.001449
Uzbekistan;2016;Food price inflation;June;%;3.351326
Uzbekistan;2016;Food price inflation;July;%;3.107596
Uzbekistan;2016;Food price inflation;August;%;3.137371
Uzbekistan;2016;Food price inflation;September;%;4.080395
Uzbekistan;2016;Food price inflation;October;%;4.176322
Uzbekistan;2016;Food price inflation;November;%;4.588593
Uzbekistan;2016;Food price inflation;December;%;9.113118
Uzbekistan;2017;Food price inflation;January;%;9.586276
Uzbekistan;2017;Food price inflation;February;%;10.956175
Uzbekistan;2017;Food price inflation;March;%;12.413108
Uzbekistan;2017;Food price inflation;April;%;14.157527
Uzbekistan;2017;Food price inflation;June;%;18.135765
Uzbekistan;2017;Food price inflation;July;%;20.639835
Uzbekistan;2017;Food price inflation;August;%;22.233713
Uzbekistan;2017;Food price inflation;September;%;21.334681
Uzbekistan;2017;Food price inflation;October;%;21.335992
Uzbekistan;2017;Food price inflation;November;%;21.232877
Uzbekistan;2017;Food price inflation;December;%;25.733207
Uzbekistan;2018;Food price inflation;January;%;26.703499
Uzbekistan;2018;Food price inflation;February;%;24.86535
Uzbekistan;2018;Food price inflation;March;%;24.469965
Uzbekistan;2018;Food price inflation;April;%;23.406114
Uzbekistan;2018;Food price inflation;May;%;21.336761
Uzbekistan;2018;Food price inflation;June;%;19.296741
Uzbekistan;2018;Food price inflation;July;%;16.253208
Uzbekistan;2018;Food price inflation;August;%;15.313029
Uzbekistan;2018;Food price inflation;September;%;17.333333
Uzbekistan;2018;Food price inflation;October;%;18.405916
Uzbekistan;2018;Food price inflation;November;%;19.37046
Uzbekistan;2018;Food price inflation;December;%;14.89842
Uzbekistan;2019;Food price inflation;January;%;14.171512
Uzbekistan;2019;Food price inflation;February;%;15.240834
Uzbekistan;2019;Food price inflation;March;%;15.400994
Uzbekistan;2019;Food price inflation;April;%;16.135881
Uzbekistan;2019;Food price inflation;May;%;16.454802
Uzbekistan;2019;Food price inflation;June;%;16.391086
Uzbekistan;2019;Food price inflation;July;%;17.586461
Uzbekistan;2019;Food price inflation;August;%;19.882612
Uzbekistan;2019;Food price inflation;September;%;17.684659
Uzbekistan;2019;Food price inflation;October;%;18.181818
Uzbekistan;2019;Food price inflation;November;%;18.661258
Uzbekistan;2019;Food price inflation;December;%;18.729535
Uzbekistan;2020;Food price inflation;January;%;16.549968
Uzbekistan;2020;Food price inflation;February;%;15.811036
Uzbekistan;2020;Food price inflation;March;%;16.41066
Uzbekistan;2020;Food price inflation;April;%;19.256827
Uzbekistan;2020;Food price inflation;May;%;18.35783
Uzbekistan;2020;Food price inflation;June;%;18.935612
Uzbekistan;2020;Food price inflation;July;%;18.847765
Uzbekistan;2020;Food price inflation;August;%;16.531528
Uzbekistan;2020;Food price inflation;September;%;17.499577
Uzbekistan;2020;Food price inflation;October;%;17.058163
Uzbekistan;2020;Food price inflation;November;%;16.327287
Uzbekistan;2020;Food price inflation;December;%;15.364683
Uzbekistan;2021;Food price inflation;January;%;15.681296
Uzbekistan;2021;Food price inflation;February;%;14.711486
Uzbekistan;2021;Food price inflation;March;%;13.90144
Uzbekistan;2021;Food price inflation;April;%;13.60399
Uzbekistan;2021;Food price inflation;May;%;14.469717
Uzbekistan;2021;Food price inflation;June;%;14.840996
Uzbekistan;2021;Food price inflation;July;%;15.283453
Uzbekistan;2021;Food price inflation;August;%;15.743391
Uzbekistan;2021;Food price inflation;September;%;14.49823
Uzbekistan;2021;Food price inflation;October;%;14.050928
Uzbekistan;2021;Food price inflation;November;%;13.471819
Uzbekistan;2021;Food price inflation;December;%;13.039862
Uzbekistan;2022;Food price inflation;January;%;13.0287
Uzbekistan;2022;Food price inflation;February;%;13.073669
Uzbekistan;2022;Food price inflation;March;%;14.514453
Uzbekistan;2022;Food price inflation;April;%;13.348431
Uzbekistan;2022;Food price inflation;May;%;14.059044
Uzbekistan;2022;Food price inflation;June;%;16.490491
Uzbekistan;2022;Food price inflation;July;%;16.302243
Uzbekistan;2022;Food price inflation;August;%;16.244473
Uzbekistan;2022;Food price inflation;September;%;16.439842
Uzbekistan;2022;Food price inflation;October;%;15.686333
Uzbekistan;2022;Food price inflation;November;%;15.799874
Uzbekistan;2022;Food price inflation;December;%;15.346024
Uzbekistan;2023;Food price inflation;January;%;15.163766
Uzbekistan;2023;Food price inflation;February;%;15.369866
Uzbekistan;2023;Food price inflation;March;%;14.300289
Uzbekistan;2023;Food price inflation;April;%;13.393836
Uzbekistan;2023;Food price inflation;May;%;12.586443
Uzbekistan;2023;Food price inflation;June;%;9.857817
Uzbekistan;2023;Food price inflation;July;%;10.035635
Uzbekistan;2023;Food price inflation;August;%;9.970014
Uzbekistan;2023;Food price inflation;September;%;10.59953
Uzbekistan;2023;Food price inflation;October;%;10.424893
Uzbekistan;2023;Food price inflation;November;%;9.558731
Uzbekistan;2023;Food price inflation;December;%;9.256976
Uzbekistan;2024;Food price inflation;January;%;8.813896
Uzbekistan;2024;Food price inflation;February;%;8.198335
Uzbekistan;2024;Food price inflation;March;%;7.357434
Uzbekistan;2024;Food price inflation;April;%;6.445083
Uzbekistan;2024;Food price inflation;May;%;3.699139
Uzbekistan;2024;Food price inflation;June;%;3.131443
Uzbekistan;2024;Food price inflation;July;%;2.423137
Uzbekistan;2024;Food price inflation;August;%;2.311088
Uzbekistan;2024;Food price inflation;September;%;1.809071
Uzbekistan;2024;Food price inflation;October;%;1.678249
Uzbekistan;2024;Food price inflation;November;%;1.507429
Uzbekistan;2024;Food price inflation;December;%;1.957995
Uzbekistan;2025;Food price inflation;January;%;2.099758
Uzbekistan;2025;Food price inflation;February;%;2.487001
Uzbekistan;2025;Food price inflation;March;%;3.188619
Uzbekistan;2025;Food price inflation;April;%;3.538062
Uzbekistan;2025;Food price inflation;May;%;4.914194
Uzbekistan;2025;Food price inflation;June;%;5.694901
Uzbekistan;2025;Food price inflation;July;%;6.286096
Uzbekistan;2025;Food price inflation;August;%;6.465991
Uzbekistan;2025;Food price inflation;September;%;5.930511
Uzbekistan;2025;Food price inflation;October;%;4.792164
Uzbekistan;2025;Food price inflation;November;%;3.746975
Uzbekistan;2025;Food price inflation;December;%;1.899718
Viet Nam;2015;"Consumer Prices, Food Indices (2015 = 100)";January;;99.579824
Viet Nam;2015;"Consumer Prices, Food Indices (2015 = 100)";February;;100.107597
Viet Nam;2015;"Consumer Prices, Food Indices (2015 = 100)";March;;100.467985
Viet Nam;2015;"Consumer Prices, Food Indices (2015 = 100)";April;;100.046019
Viet Nam;2015;"Consumer Prices, Food Indices (2015 = 100)";May;;99.825918
Viet Nam;2015;"Consumer Prices, Food Indices (2015 = 100)";June;;99.79597
Viet Nam;2015;"Consumer Prices, Food Indices (2015 = 100)";July;;99.895766
Viet Nam;2015;"Consumer Prices, Food Indices (2015 = 100)";August;;99.995662
Viet Nam;2015;"Consumer Prices, Food Indices (2015 = 100)";September;;99.865667
Viet Nam;2015;"Consumer Prices, Food Indices (2015 = 100)";October;;100.055412
Viet Nam;2015;"Consumer Prices, Food Indices (2015 = 100)";November;;100.104539
Viet Nam;2015;"Consumer Prices, Food Indices (2015 = 100)";December;;100.262604
Viet Nam;2016;"Consumer Prices, Food Indices (2015 = 100)";January;;100.514965
Viet Nam;2016;"Consumer Prices, Food Indices (2015 = 100)";February;;102.503453
Viet Nam;2016;"Consumer Prices, Food Indices (2015 = 100)";March;;102.006824
Viet Nam;2016;"Consumer Prices, Food Indices (2015 = 100)";April;;102.002233
Viet Nam;2016;"Consumer Prices, Food Indices (2015 = 100)";May;;102.372196
Viet Nam;2016;"Consumer Prices, Food Indices (2015 = 100)";June;;102.585232
Viet Nam;2016;"Consumer Prices, Food Indices (2015 = 100)";July;;102.529221
Viet Nam;2016;"Consumer Prices, Food Indices (2015 = 100)";August;;102.389883
Viet Nam;2016;"Consumer Prices, Food Indices (2015 = 100)";September;;102.486335
Viet Nam;2016;"Consumer Prices, Food Indices (2015 = 100)";October;;102.663329
Viet Nam;2016;"Consumer Prices, Food Indices (2015 = 100)";November;;103.170177
Viet Nam;2016;"Consumer Prices, Food Indices (2015 = 100)";December;;103.139639
Viet Nam;2017;"Consumer Prices, Food Indices (2015 = 100)";January;;102.89592
Viet Nam;2017;"Consumer Prices, Food Indices (2015 = 100)";February;;103.013016
Viet Nam;2017;"Consumer Prices, Food Indices (2015 = 100)";March;;102.115875
Viet Nam;2017;"Consumer Prices, Food Indices (2015 = 100)";April;;101.446506
Viet Nam;2017;"Consumer Prices, Food Indices (2015 = 100)";May;;99.999168
Viet Nam;2017;"Consumer Prices, Food Indices (2015 = 100)";June;;99.405473
Viet Nam;2017;"Consumer Prices, Food Indices (2015 = 100)";July;;99.942362
Viet Nam;2017;"Consumer Prices, Food Indices (2015 = 100)";August;;101.000652
Viet Nam;2017;"Consumer Prices, Food Indices (2015 = 100)";September;;101.08226
Viet Nam;2017;"Consumer Prices, Food Indices (2015 = 100)";October;;101.399558
Viet Nam;2017;"Consumer Prices, Food Indices (2015 = 100)";November;;101.515559
Viet Nam;2017;"Consumer Prices, Food Indices (2015 = 100)";December;;101.286235
Viet Nam;2018;"Consumer Prices, Food Indices (2015 = 100)";January;;101.732907
Viet Nam;2018;"Consumer Prices, Food Indices (2015 = 100)";February;;103.289319
Viet Nam;2018;"Consumer Prices, Food Indices (2015 = 100)";March;;102.645827
Viet Nam;2018;"Consumer Prices, Food Indices (2015 = 100)";April;;102.464144
Viet Nam;2018;"Consumer Prices, Food Indices (2015 = 100)";May;;103.364906
Viet Nam;2018;"Consumer Prices, Food Indices (2015 = 100)";June;;104.479076
Viet Nam;2018;"Consumer Prices, Food Indices (2015 = 100)";July;;104.930321
Viet Nam;2018;"Consumer Prices, Food Indices (2015 = 100)";August;;105.843425
Viet Nam;2018;"Consumer Prices, Food Indices (2015 = 100)";September;;106.311888
Viet Nam;2018;"Consumer Prices, Food Indices (2015 = 100)";October;;106.543223
Viet Nam;2018;"Consumer Prices, Food Indices (2015 = 100)";November;;106.391505
Viet Nam;2018;"Consumer Prices, Food Indices (2015 = 100)";December;;106.442999
Viet Nam;2019;"Consumer Prices, Food Indices (2015 = 100)";January;;107.149567
Viet Nam;2019;"Consumer Prices, Food Indices (2015 = 100)";February;;109.00229
Viet Nam;2019;"Consumer Prices, Food Indices (2015 = 100)";March;;107.452823
Viet Nam;2019;"Consumer Prices, Food Indices (2015 = 100)";April;;106.845285
Viet Nam;2019;"Consumer Prices, Food Indices (2015 = 100)";May;;106.897532
Viet Nam;2019;"Consumer Prices, Food Indices (2015 = 100)";June;;107.030833
Viet Nam;2019;"Consumer Prices, Food Indices (2015 = 100)";July;;107.383286
Viet Nam;2019;"Consumer Prices, Food Indices (2015 = 100)";August;;107.639932
Viet Nam;2019;"Consumer Prices, Food Indices (2015 = 100)";September;;108.237441
Viet Nam;2019;"Consumer Prices, Food Indices (2015 = 100)";October;;109.366358
Viet Nam;2019;"Consumer Prices, Food Indices (2015 = 100)";November;;112.361137
Viet Nam;2019;"Consumer Prices, Food Indices (2015 = 100)";December;;116.199618
Viet Nam;2020;"Consumer Prices, Food Indices (2015 = 100)";January;;118.857916
Viet Nam;2020;"Consumer Prices, Food Indices (2015 = 100)";February;;119.161836
Viet Nam;2020;"Consumer Prices, Food Indices (2015 = 100)";March;;118.654683
Viet Nam;2020;"Consumer Prices, Food Indices (2015 = 100)";April;;119.431871
Viet Nam;2020;"Consumer Prices, Food Indices (2015 = 100)";May;;119.84212
Viet Nam;2020;"Consumer Prices, Food Indices (2015 = 100)";June;;120.366429
Viet Nam;2020;"Consumer Prices, Food Indices (2015 = 100)";July;;120.148686
Viet Nam;2020;"Consumer Prices, Food Indices (2015 = 100)";August;;120.282412
Viet Nam;2020;"Consumer Prices, Food Indices (2015 = 100)";September;;119.913506
Viet Nam;2020;"Consumer Prices, Food Indices (2015 = 100)";October;;119.752822
Viet Nam;2020;"Consumer Prices, Food Indices (2015 = 100)";November;;119.811261
Viet Nam;2020;"Consumer Prices, Food Indices (2015 = 100)";December;;119.31644
Viet Nam;2021;"Consumer Prices, Food Indices (2015 = 100)";January;;120.081736
Viet Nam;2021;"Consumer Prices, Food Indices (2015 = 100)";February;;122.009648
Viet Nam;2021;"Consumer Prices, Food Indices (2015 = 100)";March;;120.230748
Viet Nam;2021;"Consumer Prices, Food Indices (2015 = 100)";April;;120.079137
Viet Nam;2021;"Consumer Prices, Food Indices (2015 = 100)";May;;120.127288
Viet Nam;2021;"Consumer Prices, Food Indices (2015 = 100)";June;;119.968961
Viet Nam;2021;"Consumer Prices, Food Indices (2015 = 100)";July;;120.772633
Viet Nam;2021;"Consumer Prices, Food Indices (2015 = 100)";August;;121.668524
Viet Nam;2021;"Consumer Prices, Food Indices (2015 = 100)";September;;121.468744
Viet Nam;2021;"Consumer Prices, Food Indices (2015 = 100)";October;;119.916495
Viet Nam;2021;"Consumer Prices, Food Indices (2015 = 100)";November;;119.712757
Viet Nam;2021;"Consumer Prices, Food Indices (2015 = 100)";December;;119.919262
Viet Nam;2022;"Consumer Prices, Food Indices (2015 = 100)";January;;119.917703
Viet Nam;2022;"Consumer Prices, Food Indices (2015 = 100)";February;;121.761557
Viet Nam;2022;"Consumer Prices, Food Indices (2015 = 100)";March;;121.438646
Viet Nam;2022;"Consumer Prices, Food Indices (2015 = 100)";April;;121.378534
Viet Nam;2022;"Consumer Prices, Food Indices (2015 = 100)";May;;121.711111
Viet Nam;2022;"Consumer Prices, Food Indices (2015 = 100)";June;;122.690277
Viet Nam;2022;"Consumer Prices, Food Indices (2015 = 100)";July;;124.377023
Viet Nam;2022;"Consumer Prices, Food Indices (2015 = 100)";August;;125.683354
Viet Nam;2022;"Consumer Prices, Food Indices (2015 = 100)";September;;125.903426
Viet Nam;2022;"Consumer Prices, Food Indices (2015 = 100)";October;;126.067226
Viet Nam;2022;"Consumer Prices, Food Indices (2015 = 100)";November;;125.97961
Viet Nam;2022;"Consumer Prices, Food Indices (2015 = 100)";December;;126.168327
Viet Nam;2023;"Consumer Prices, Food Indices (2015 = 100)";January;;127.203033
Viet Nam;2023;"Consumer Prices, Food Indices (2015 = 100)";February;;126.990986
Viet Nam;2023;"Consumer Prices, Food Indices (2015 = 100)";March;;126.255835
Viet Nam;2023;"Consumer Prices, Food Indices (2015 = 100)";April;;125.769876
Viet Nam;2023;"Consumer Prices, Food Indices (2015 = 100)";May;;126.070844
Viet Nam;2023;"Consumer Prices, Food Indices (2015 = 100)";June;;126.790834
Viet Nam;2023;"Consumer Prices, Food Indices (2015 = 100)";July;;127.59342
Viet Nam;2023;"Consumer Prices, Food Indices (2015 = 100)";August;;128.587246
Viet Nam;2023;"Consumer Prices, Food Indices (2015 = 100)";September;;129.521175
Viet Nam;2023;"Consumer Prices, Food Indices (2015 = 100)";October;;129.604845
Viet Nam;2023;"Consumer Prices, Food Indices (2015 = 100)";November;;129.732247
Viet Nam;2023;"Consumer Prices, Food Indices (2015 = 100)";December;;129.868985
Viet Nam;2024;"Consumer Prices, Food Indices (2015 = 100)";January;;130.137684
Viet Nam;2024;"Consumer Prices, Food Indices (2015 = 100)";February;;132.369024
Viet Nam;2024;"Consumer Prices, Food Indices (2015 = 100)";March;;131.368712
Viet Nam;2024;"Consumer Prices, Food Indices (2015 = 100)";April;;131.203056
Viet Nam;2024;"Consumer Prices, Food Indices (2015 = 100)";May;;131.707531
Viet Nam;2024;"Consumer Prices, Food Indices (2015 = 100)";June;;132.69705
Viet Nam;2024;"Consumer Prices, Food Indices (2015 = 100)";July;;133.039409
Viet Nam;2024;"Consumer Prices, Food Indices (2015 = 100)";August;;133.394624
Viet Nam;2024;"Consumer Prices, Food Indices (2015 = 100)";September;;134.62719
Viet Nam;2024;"Consumer Prices, Food Indices (2015 = 100)";October;;135.368582
Viet Nam;2024;"Consumer Prices, Food Indices (2015 = 100)";November;;135.074697
Viet Nam;2024;"Consumer Prices, Food Indices (2015 = 100)";December;;134.90018
Viet Nam;2025;"Consumer Prices, Food Indices (2015 = 100)";January;;135.892371
Viet Nam;2025;"Consumer Prices, Food Indices (2015 = 100)";February;;136.471409
Viet Nam;2025;"Consumer Prices, Food Indices (2015 = 100)";March;;136.4029
Viet Nam;2025;"Consumer Prices, Food Indices (2015 = 100)";April;;136.537885
Viet Nam;2025;"Consumer Prices, Food Indices (2015 = 100)";May;;136.605378
Viet Nam;2025;"Consumer Prices, Food Indices (2015 = 100)";June;;136.672871
Viet Nam;2025;"Consumer Prices, Food Indices (2015 = 100)";July;;136.875349
Viet Nam;2025;"Consumer Prices, Food Indices (2015 = 100)";August;;136.807857
Viet Nam;2025;"Consumer Prices, Food Indices (2015 = 100)";September;;137.347799
Viet Nam;2025;"Consumer Prices, Food Indices (2015 = 100)";October;;137.104479
Viet Nam;2025;"Consumer Prices, Food Indices (2015 = 100)";November;;137.104479
Viet Nam;2025;"Consumer Prices, Food Indices (2015 = 100)";December;;138.129412
Viet Nam;2015;Food price inflation;January;%;2.108035
Viet Nam;2015;Food price inflation;February;%;1.482163
Viet Nam;2015;Food price inflation;March;%;2.834712
Viet Nam;2015;Food price inflation;April;%;2.249432
Viet Nam;2015;Food price inflation;May;%;1.851336
Viet Nam;2015;Food price inflation;June;%;1.536478
Viet Nam;2015;Food price inflation;July;%;1.374441
Viet Nam;2015;Food price inflation;August;%;1.02122
Viet Nam;2015;Food price inflation;September;%;0.668422
Viet Nam;2015;Food price inflation;October;%;0.809287
Viet Nam;2015;Food price inflation;November;%;0.889051
Viet Nam;2015;Food price inflation;December;%;0.967581
Viet Nam;2016;Food price inflation;January;%;0.939087
Viet Nam;2016;Food price inflation;February;%;2.393281
Viet Nam;2016;Food price inflation;March;%;1.531671
Viet Nam;2016;Food price inflation;April;%;1.955315
Viet Nam;2016;Food price inflation;May;%;2.550718
Viet Nam;2016;Food price inflation;June;%;2.794965
Viet Nam;2016;Food price inflation;July;%;2.636202
Viet Nam;2016;Food price inflation;August;%;2.394325
Viet Nam;2016;Food price inflation;September;%;2.624192
Viet Nam;2016;Food price inflation;October;%;2.606472
Viet Nam;2016;Food price inflation;November;%;3.062437
Viet Nam;2016;Food price inflation;December;%;2.869499
Viet Nam;2017;Food price inflation;January;%;2.368756
Viet Nam;2017;Food price inflation;February;%;0.497117
Viet Nam;2017;Food price inflation;March;%;0.106906
Viet Nam;2017;Food price inflation;April;%;-0.544819
Viet Nam;2017;Food price inflation;May;%;-2.318039
Viet Nam;2017;Food price inflation;June;%;-3.099626
Viet Nam;2017;Food price inflation;July;%;-2.523045
Viet Nam;2017;Food price inflation;August;%;-1.356805
Viet Nam;2017;Food price inflation;September;%;-1.370011
Viet Nam;2017;Food price inflation;October;%;-1.230986
Viet Nam;2017;Food price inflation;November;%;-1.603776
Viet Nam;2017;Food price inflation;December;%;-1.796985
Viet Nam;2018;Food price inflation;January;%;-1.130281
Viet Nam;2018;Food price inflation;February;%;0.268222
Viet Nam;2018;Food price inflation;March;%;0.518971
Viet Nam;2018;Food price inflation;April;%;1.003128
Viet Nam;2018;Food price inflation;May;%;3.365766
Viet Nam;2018;Food price inflation;June;%;5.103947
Viet Nam;2018;Food price inflation;July;%;4.990836
Viet Nam;2018;Food price inflation;August;%;4.794794
Viet Nam;2018;Food price inflation;September;%;5.173635
Viet Nam;2018;Food price inflation;October;%;5.07267
Viet Nam;2018;Food price inflation;November;%;4.803152
Viet Nam;2018;Food price inflation;December;%;5.091278
Viet Nam;2019;Food price inflation;January;%;5.324393
Viet Nam;2019;Food price inflation;February;%;5.531038
Viet Nam;2019;Food price inflation;March;%;4.68309
Viet Nam;2019;Food price inflation;April;%;4.27578
Viet Nam;2019;Food price inflation;May;%;3.417626
Viet Nam;2019;Food price inflation;June;%;2.442362
Viet Nam;2019;Food price inflation;July;%;2.337708
Viet Nam;2019;Food price inflation;August;%;1.697325
Viet Nam;2019;Food price inflation;September;%;1.81123
Viet Nam;2019;Food price inflation;October;%;2.649755
Viet Nam;2019;Food price inflation;November;%;5.611004
Viet Nam;2019;Food price inflation;December;%;9.166051
Viet Nam;2020;Food price inflation;January;%;10.927108
Viet Nam;2020;Food price inflation;February;%;9.320488
Viet Nam;2020;Food price inflation;March;%;10.42491
Viet Nam;2020;Food price inflation;April;%;11.780199
Viet Nam;2020;Food price inflation;May;%;12.109342
Viet Nam;2020;Food price inflation;June;%;12.459583
Viet Nam;2020;Food price inflation;July;%;11.887698
Viet Nam;2020;Food price inflation;August;%;11.745158
Viet Nam;2020;Food price inflation;September;%;10.787454
Viet Nam;2020;Food price inflation;October;%;9.496946
Viet Nam;2020;Food price inflation;November;%;6.630517
Viet Nam;2021;Food price inflation;January;%;1.029649
Viet Nam;2021;Food price inflation;February;%;2.389869
Viet Nam;2021;Food price inflation;March;%;1.328278
Viet Nam;2021;Food price inflation;April;%;0.541954
Viet Nam;2021;Food price inflation;May;%;0.237953
Viet Nam;2021;Food price inflation;June;%;-0.330215
Viet Nam;2021;Food price inflation;July;%;0.519312
Viet Nam;2021;Food price inflation;August;%;1.152382
Viet Nam;2021;Food price inflation;September;%;1.296967
Viet Nam;2021;Food price inflation;October;%;0.136676
Viet Nam;2021;Food price inflation;November;%;-0.082216
Viet Nam;2021;Food price inflation;December;%;0.505229
Viet Nam;2022;Food price inflation;January;%;-0.136601
Viet Nam;2022;Food price inflation;February;%;-0.203337
Viet Nam;2022;Food price inflation;March;%;1.00465
Viet Nam;2022;Food price inflation;April;%;1.082117
Viet Nam;2022;Food price inflation;May;%;1.318453
Viet Nam;2022;Food price inflation;June;%;2.26835
Viet Nam;2022;Food price inflation;July;%;2.984443
Viet Nam;2022;Food price inflation;August;%;3.29981
Viet Nam;2022;Food price inflation;September;%;3.650883
Viet Nam;2022;Food price inflation;October;%;5.129178
Viet Nam;2022;Food price inflation;November;%;5.234908
Viet Nam;2022;Food price inflation;December;%;5.211061
Viet Nam;2023;Food price inflation;January;%;6.075275
Viet Nam;2023;Food price inflation;February;%;4.294811
Viet Nam;2023;Food price inflation;March;%;3.966768
Viet Nam;2023;Food price inflation;April;%;3.617891
Viet Nam;2023;Food price inflation;May;%;3.582034
Viet Nam;2023;Food price inflation;June;%;3.342203
Viet Nam;2023;Food price inflation;July;%;2.586006
Viet Nam;2023;Food price inflation;August;%;2.310482
Viet Nam;2023;Food price inflation;September;%;2.873432
Viet Nam;2023;Food price inflation;October;%;2.806137
Viet Nam;2023;Food price inflation;November;%;2.978766
Viet Nam;2023;Food price inflation;December;%;2.933111
Viet Nam;2024;Food price inflation;January;%;2.30706
Viet Nam;2024;Food price inflation;February;%;4.234976
Viet Nam;2024;Food price inflation;March;%;4.049616
Viet Nam;2024;Food price inflation;April;%;4.319937
Viet Nam;2024;Food price inflation;May;%;4.471048
Viet Nam;2024;Food price inflation;June;%;4.658236
Viet Nam;2024;Food price inflation;July;%;4.268236
Viet Nam;2024;Food price inflation;August;%;3.738612
Viet Nam;2024;Food price inflation;September;%;3.942224
Viet Nam;2024;Food price inflation;October;%;4.447161
Viet Nam;2024;Food price inflation;November;%;4.118059
Viet Nam;2024;Food price inflation;December;%;3.874055
Viet Nam;2025;Food price inflation;January;%;4.421999
Viet Nam;2025;Food price inflation;February;%;3.099203
Viet Nam;2025;Food price inflation;March;%;3.832106
Viet Nam;2025;Food price inflation;April;%;4.066086
Viet Nam;2025;Food price inflation;May;%;3.718729
Viet Nam;2025;Food price inflation;June;%;2.996164
Viet Nam;2025;Food price inflation;July;%;2.883312
Viet Nam;2025;Food price inflation;August;%;2.558748
Viet Nam;2025;Food price inflation;September;%;2.020846
Viet Nam;2025;Food price inflation;October;%;1.282348
Viet Nam;2025;Food price inflation;November;%;1.502711
Viet Nam;2025;Food price inflation;December;%;2.393793
